Fake"date";"log_type";"type";"ip";"port";"size"
"10.02.2025";"5";"1";"de34:0dae:4e14:3288:e3a0:daf5:afdd:d328";"26419";"288"
"10.02.2025";"2";"1";"145.177.90.200";"43630";"778"
"10.02.2025";"1";"1";"9.180.154.73";"39992";"164"
"10.02.2025";"1";"2";"134.253.135.209";"22353";"770"
"10.02.2025";"3";"2";"4249:2fbd:db9f:b6e1:dd6b:ffaa:4615:dcec";"33077";"304"
"10.02.2025";"3";"1";"178.230.63.37";"1240";"433"
"10.02.2025";"2";"1";"244.218.226.98";"50846";"750"
"10.02.2025";"5";"2";"cacb:e2a1:e068:fb1c:1696:97fa:08f8:ac41";"16656";"797"
"10.02.2025";"2";"1";"19.40.35.85";"50204";"587"
"10.02.2025";"1";"2";"132.223.144.167";"39175";"29"
"10.02.2025";"2";"2";"116.189.93.178";"4684";"107"
"10.02.2025";"3";"2";"1edf:1ab8:9f95:ef8f:9ebf:56de:db18:b219";"34276";"961"
"10.02.2025";"2";"1";"166.31.117.71";"14799";"76"
"10.02.2025";"5";"2";"120.238.111.228";"56103";"997"
"10.02.2025";"2";"1";"edbe:b0bc:5fb7:ac4b:e52c:accd:e39b:81ee";"37604";"764"
"10.02.2025";"2";"1";"7ca4:54ef:3574:a1e2:c2e3:e72d:3dff:15fa";"46074";"415"
"10.02.2025";"4";"1";"224.134.211.26";"8022";"157"
"10.02.2025";"1";"2";"01b6:18ae:cad1:4ff8:e2bb:8760:b43d:1352";"53141";"682"
"10.02.2025";"2";"1";"017d:58ff:a89b:dd2d:5bfc:dfdc:0862:3b4c";"30418";"64"
"10.02.2025";"4";"1";"3ffa:7ff7:1fea:3b33:48d1:b4ae:bcdc:cb08";"31007";"260"
"10.02.2025";"3";"1";"bc3e:39db:2621:beab:f891:f3f7:2661:e5de";"41747";"556"
"10.02.2025";"1";"2";"158.90.55.55";"36468";"196"
"10.02.2025";"3";"1";"47.137.98.65";"13237";"554"
"10.02.2025";"1";"1";"ecfa:5e7c:f52d:ef1f:deb0:ff5d:cc7b:193b";"2794";"889"
"10.02.2025";"5";"2";"237.131.252.5";"36017";"403"
"10.02.2025";"5";"2";"230.222.119.102";"62549";"697"
"10.02.2025";"2";"2";"93.180.193.9";"29248";"541"
"10.02.2025";"2";"1";"8aaf:be66:549d:6f88:d770:0ecb:337d:a355";"45128";"368"
"10.02.2025";"1";"2";"28.157.193.63";"63125";"125"
"10.02.2025";"3";"2";"236.124.254.128";"56710";"213"
"10.02.2025";"3";"1";"157.116.131.150";"55920";"809"
"10.02.2025";"4";"2";"ea41:5bfb:dbca:0064:abbe:ffcf:acb1:cfa1";"4083";"668"
"10.02.2025";"3";"2";"23ff:17fb:ada1:ed4f:b9cd:bf65:aecc:55aa";"9389";"253"
"10.02.2025";"2";"1";"154.155.26.237";"17347";"389"
"10.02.2025";"1";"1";"6eed:f3e4:e06c:004d:90d7:c95c:2f0e:f921";"13261";"677"
"10.02.2025";"4";"1";"59.136.120.94";"51102";"79"
"10.02.2025";"5";"1";"87.67.83.140";"14579";"719"
"10.02.2025";"2";"2";"fbab:a8f4:f3fc:d5d1:7c2f:ef52:54bc:64fc";"46094";"945"
"10.02.2025";"2";"1";"71.32.129.38";"32367";"40"
"10.02.2025";"2";"2";"fbfd:eadb:069b:4433:49f7:2cef:27cb:34aa";"36201";"891"
"10.02.2025";"3";"1";"120e:dfbc:9fc1:54c8:d924:3a83:ca17:7216";"47186";"855"
"10.02.2025";"5";"1";"de6e:e27c:80de:c382:ef09:c526:4d15:4ce4";"10591";"410"
"10.02.2025";"4";"1";"248.158.101.183";"56923";"691"
"10.02.2025";"4";"1";"c1dd:0e1e:b102:1699:e63c:e357:26ee:606d";"23049";"113"
"10.02.2025";"3";"2";"2838:2b65:b089:f5d0:73bc:e49d:aebd:8e6c";"37816";"65"
"10.02.2025";"5";"2";"eeee:bb32:b632:2aff:2d3b:a7fd:2d9a:f52f";"62914";"78"
"10.02.2025";"3";"2";"76.142.204.104";"26634";"828"
"10.02.2025";"3";"1";"c9cf:3a7c:cd8f:c3c8:a083:5aac:5491:e532";"23506";"310"
"10.02.2025";"1";"2";"193.249.59.119";"29831";"536"
"10.02.2025";"4";"1";"0.142.158.185";"511";"685"
"10.02.2025";"5";"1";"224.79.242.37";"23169";"509"
"10.02.2025";"1";"1";"90db:f1ed:32f6:4aba:aa42:e6db:ce1b:9d95";"55716";"43"
"10.02.2025";"1";"1";"d41d:472f:bbf8:0fcc:accb:7f0b:4ea9:3334";"31445";"691"
"10.02.2025";"5";"1";"224.155.218.78";"54597";"522"
"10.02.2025";"2";"1";"fbc0:cdbb:cc41:f8ea:b02c:bfad:e98f:d0a9";"43129";"614"
"10.02.2025";"5";"1";"28.85.202.235";"63919";"377"
"10.02.2025";"3";"1";"0fa1:a3ca:be47:6e43:3e6c:c2dc:6916:477b";"39513";"464"
"10.02.2025";"5";"2";"ec6a:a115:4376:1e8f:653f:53f2:d7bc:6da0";"6786";"743"
"10.02.2025";"1";"2";"059e:b4c2:500d:fdea:dbb8:9c1a:df3e:57cf";"22571";"512"
"10.02.2025";"1";"1";"106.156.247.160";"42794";"442"
"10.02.2025";"4";"2";"122.79.174.9";"49003";"629"
"10.02.2025";"4";"2";"fbca:fbd4:888e:9aae:5b77:2eb1:cec7:ce08";"13024";"354"
"10.02.2025";"2";"2";"232.176.83.129";"56916";"146"
"10.02.2025";"4";"1";"78.62.110.55";"8949";"851"
"10.02.2025";"4";"2";"1abd:7aa4:91b3:cbd6:efee:de1b:7ad1:b2ff";"47608";"147"
"10.02.2025";"4";"2";"d985:acee:a31f:24e0:ab2f:cee9:5ece:f7b7";"21394";"482"
"10.02.2025";"1";"1";"1cad:d6e9:b03b:1edb:c6dc:2d8a:47ec:1702";"55352";"755"
"10.02.2025";"2";"1";"199.180.194.0";"27768";"603"
"10.02.2025";"5";"1";"101.125.148.86";"27970";"924"
"10.02.2025";"2";"2";"2f38:b2de:adb4:dcc7:cb3b:3afb:5a20:eabe";"10754";"61"
"10.02.2025";"3";"2";"75df:b74c:ac4a:3bcf:951a:cd5a:9b7e:eaa4";"44870";"321"
"10.02.2025";"4";"1";"186.131.237.202";"61487";"469"
"10.02.2025";"1";"1";"150.159.4.103";"37107";"972"
"10.02.2025";"5";"1";"3.12.190.245";"25676";"156"
"10.02.2025";"2";"1";"164.23.146.175";"8670";"294"
"10.02.2025";"2";"2";"37.43.25.227";"9592";"663"
"10.02.2025";"1";"2";"102.54.69.16";"45608";"468"
"10.02.2025";"3";"2";"214.2.209.126";"17316";"450"
"10.02.2025";"5";"2";"dbe0:f3f5:109b:877a:253f:e9cc:2ff7:9fc1";"26809";"792"
"10.02.2025";"4";"2";"40ae:e3eb:bc68:dcd3:070c:bed8:6ac9:4954";"24516";"627"
"10.02.2025";"3";"1";"96.146.125.91";"13067";"646"
"10.02.2025";"1";"1";"b38d:71e1:f14b:560c:edef:e8ca:d5a2:0c78";"13304";"961"
"10.02.2025";"5";"2";"c1d5:7423:37a3:f6af:cc73:6afa:fcf2:c7db";"32975";"860"
"10.02.2025";"2";"2";"731e:dbf6:ef8d:0137:1b8c:54f4:ffed:c880";"63330";"357"
"10.02.2025";"5";"1";"27d4:0c7d:70be:c1a3:4e9e:38b6:5bae:639d";"29897";"996"
"10.02.2025";"2";"1";"fbbe:e3ae:fc5c:ec8b:759e:ff6e:8cf8:1d1f";"6299";"815"
"10.02.2025";"5";"1";"5.96.137.226";"50181";"853"
"10.02.2025";"4";"2";"2dee:5d2a:8229:cccb:5769:eeb8:a33b:ccd5";"62498";"981"
"10.02.2025";"3";"2";"eaf9:ddae:eefc:7d4a:8a45:6beb:55e0:bdec";"17412";"210"
"10.02.2025";"4";"1";"894f:e9af:b5dc:edc9:87f5:8fde:ec5d:4ffe";"33862";"357"
"10.02.2025";"4";"2";"ee9c:eca3:a99a:9d0e:de87:255a:7d82:d4a0";"26699";"373"
"10.02.2025";"1";"2";"bec3:b935:3d9b:3fdd:74cc:f954:2784:01a7";"21701";"730"
"10.02.2025";"4";"1";"6ac9:fc1c:bd7b:dc4d:ccb3:9841:bc5e:3acb";"24928";"52"
"10.02.2025";"3";"1";"2b33:f891:db8d:df8f:ccdc:ff4f:2cae:bbb0";"8487";"837"
"10.02.2025";"4";"1";"5424:d0db:fa8b:ce2a:4b6c:943f:2c7a:bb1e";"5785";"487"
"10.02.2025";"2";"2";"85.40.70.34";"44968";"533"
"10.02.2025";"1";"2";"244.24.96.83";"5730";"801"
"10.02.2025";"2";"2";"dcdf:4029:c111:d2fc:cdc8:5ec6:8ee2:aa2e";"26252";"476"
"10.02.2025";"4";"2";"19.185.255.85";"9796";"562"
"10.02.2025";"2";"2";"1e7a:ee47:9f67:18ec:c6c0:ccda:bc51:acac";"22843";"263"
"10.02.2025";"3";"1";"20.213.53.40";"50506";"626"
"10.02.2025";"2";"2";"22.26.253.157";"5783";"152"
"10.02.2025";"2";"2";"00dc:bf4a:7f44:ccdb:a3e7:cf70:ae1c:ff6e";"32102";"951"
"10.02.2025";"5";"2";"88d8:cec7:225a:b971:4b76:4aea:c3af:f418";"28337";"168"
"10.02.2025";"2";"2";"cf7b:27db:bfe7:8c68:babf:fffe:2ddf:f7a6";"19242";"44"
"10.02.2025";"2";"2";"619e:01cd:aafc:b38f:ad8d:2acc:d120:b3cf";"47023";"602"
"10.02.2025";"5";"2";"167.128.24.109";"16451";"676"
"10.02.2025";"3";"2";"8a5d:7bf9:be02:66a4:a32c:03dd:bac5:cfaa";"16571";"707"
"10.02.2025";"4";"1";"0e54:2fee:dedf:ff73:c448:a3ec:bb87:fcd8";"52346";"550"
"10.02.2025";"1";"2";"236.65.108.82";"51290";"138"
"10.02.2025";"3";"1";"6acb:51e1:1aca:0d4e:acb2:f3db:0ecd:57cc";"64389";"170"
"10.02.2025";"3";"1";"0cbf:015f:5983:ed6b:21e4:120a:0c6e:fbae";"48561";"370"
"10.02.2025";"1";"1";"163.149.107.100";"53935";"892"
"10.02.2025";"3";"1";"f5b0:64c6:aa3e:a763:1077:cbf7:de4f:c8f7";"7876";"391"
"10.02.2025";"3";"2";"ae2a:8adf:c52e:ecbf:b323:221b:c7aa:1c0a";"14929";"415"
"10.02.2025";"3";"1";"59c5:c1ca:2cc9:6ce1:154e:ffeb:a5f9:b8ed";"20867";"989"
"10.02.2025";"5";"2";"67.221.207.229";"64517";"15"
"10.02.2025";"2";"2";"124.154.128.55";"46153";"973"
"10.02.2025";"1";"2";"134.150.211.0";"11955";"387"
"10.02.2025";"1";"2";"249.155.238.35";"20164";"77"
"10.02.2025";"1";"1";"71.131.243.218";"23624";"167"
"10.02.2025";"2";"2";"54.224.51.124";"60868";"303"
"10.02.2025";"5";"1";"f6cf:afef:cd4a:ffec:bca4:cd4e:2be9:74eb";"18905";"475"
"10.02.2025";"1";"2";"aef1:4228:b2bb:d6c9:e13a:bc1e:af77:c5de";"63318";"478"
"10.02.2025";"2";"2";"26a2:a837:ed0c:5e13:81ce:4496:dace:ffb9";"54264";"687"
"10.02.2025";"3";"2";"2ab0:ab8c:dd38:dffd:a3db:aec9:9eac:198d";"11282";"29"
"10.02.2025";"2";"2";"ce8d:dd73:dbb9:6a36:ddbf:eaef:aa1f:b1f4";"62466";"528"
"10.02.2025";"5";"2";"238.231.142.193";"44161";"121"
"10.02.2025";"2";"2";"201.54.106.195";"49615";"168"
"10.02.2025";"4";"2";"184.101.186.109";"52132";"842"
"10.02.2025";"3";"2";"dcfc:0ceb:d12a:2a5c:3a5f:1ec8:5e77:05f8";"43533";"570"
"10.02.2025";"4";"2";"218.90.171.55";"9284";"427"
"10.02.2025";"4";"2";"212.52.180.72";"25042";"724"
"10.02.2025";"5";"1";"122.229.174.67";"31916";"497"
"10.02.2025";"4";"1";"115.187.148.46";"7336";"635"
"10.02.2025";"2";"2";"b0cd:01e0:04b3:1caa:ed1e:f871:f2bf:a2d7";"65002";"440"
"10.02.2025";"3";"2";"46be:aaf3:643f:87df:f956:ccd7:4e1b:cb2b";"57488";"570"
"10.02.2025";"1";"1";"accf:ac86:7cb2:fcab:d905:ae93:c4ef:1dca";"30861";"11"
"10.02.2025";"3";"2";"51.87.221.33";"47348";"422"
"10.02.2025";"3";"2";"176.218.19.44";"58822";"786"
"10.02.2025";"4";"2";"fd87:e2ef:eea3:6cc5:b9ae:bac3:de6f:7a85";"13661";"250"
"10.02.2025";"5";"2";"8ba6:6ff3:cadf:7a0e:aaac:bba8:4beb:f127";"26982";"195"
"10.02.2025";"3";"1";"68.188.219.76";"22020";"5"
"10.02.2025";"4";"1";"edba:a894:68f7:bcbc:e80c:cfc3:2700:bf5e";"22206";"265"
"10.02.2025";"4";"1";"aaff:e9a0:bac6:e621:0df3:d8c0:fba3:68f5";"33250";"687"
"10.02.2025";"1";"2";"4.220.222.130";"40974";"395"
"10.02.2025";"1";"1";"ffea:affc:d5ff:f91e:9acb:5aa5:89e1:a2f6";"53881";"915"
"10.02.2025";"2";"1";"0ba7:8148:b45e:8519:2bdf:eda2:4dec:86cf";"30012";"444"
"10.02.2025";"4";"1";"2a29:dccb:85d0:19a3:e23c:32e0:ac7b:4ac1";"4282";"1000"
"10.02.2025";"5";"2";"109.52.53.55";"14588";"140"
"10.02.2025";"1";"1";"209.147.143.3";"37049";"924"
"10.02.2025";"2";"1";"de6a:9f5d:afde:8799:a7e4:6543:ae84:9ab4";"44057";"216"
"10.02.2025";"5";"1";"4ece:66bf:0deb:1356:e4ae:5ddd:0fe5:d75a";"63528";"8"
"10.02.2025";"5";"1";"c3eb:02ca:cca1:8934:ea3b:faff:f4ea:95b1";"2952";"263"
"10.02.2025";"1";"2";"111.251.14.223";"12316";"257"
"10.02.2025";"5";"1";"ca4c:57bf:2e5c:f87d:995f:6a9d:e2aa:6ffe";"59647";"416"
"10.02.2025";"2";"2";"48.194.247.159";"59728";"677"
"10.02.2025";"1";"1";"94.204.64.39";"49364";"985"
"10.02.2025";"5";"2";"bb1f:7b8b:0eeb:e7e5:aabd:1302:e83c:b4c7";"19788";"58"
"10.02.2025";"3";"1";"192.97.164.206";"3391";"412"
"10.02.2025";"3";"1";"719f:f496:b042:88fc:a81a:e6ab:1d1f:bf76";"40245";"776"
"10.02.2025";"5";"2";"97f5:c4cd:add9:acc7:cb3c:cb86:2bed:36e3";"23690";"615"
"10.02.2025";"3";"2";"e751:e55c:2fa7:11ca:edce:d4ef:eed6:9da5";"9153";"762"
"10.02.2025";"5";"1";"fd7f:bd46:d739:635c:55e5:fcf7:baae:dff7";"8051";"127"
"10.02.2025";"5";"1";"20.131.6.117";"8637";"42"
"10.02.2025";"2";"1";"204.23.151.98";"18730";"896"
"10.02.2025";"2";"1";"daad:ddfa:8c2d:bef5:86b4:9eec:432a:ddb1";"22190";"94"
"10.02.2025";"3";"2";"102.114.246.212";"2224";"511"
"10.02.2025";"2";"2";"b8dc:79d8:88c3:f0bd:660e:ecdb:db31:6a8b";"28162";"881"
"10.02.2025";"5";"2";"6346:e5af:cea3:bfbd:afca:cab5:7594:a864";"40926";"811"
"10.02.2025";"4";"2";"80.248.213.113";"61818";"47"
"10.02.2025";"1";"1";"bf3d:ab8a:5e49:4d8e:ecbc:ed6c:0eba:af98";"44554";"908"
"10.02.2025";"3";"1";"119.172.146.45";"27421";"724"
"10.02.2025";"3";"1";"cb71:d4bf:43b9:ce2c:e23e:0d49:ca7c:d7d7";"2806";"526"
"10.02.2025";"1";"1";"232.19.187.160";"49320";"717"
"10.02.2025";"1";"1";"211.207.149.251";"12935";"809"
"10.02.2025";"3";"1";"212.53.176.130";"31723";"23"
"10.02.2025";"4";"1";"578b:7c51:2d0c:e6c5:0b3b:4dd3:cf62:5466";"35871";"430"
"10.02.2025";"5";"2";"bbcc:eebc:cc48:e230:16d3:ecf3:a2fb:8c0a";"40577";"714"
"10.02.2025";"3";"1";"cf77:29b3:2f89:a4fe:ee25:ec0c:8b38:f93c";"45108";"551"
"10.02.2025";"5";"2";"af33:9dc1:b5ba:d4d1:5fc6:a309:b1e1:4bfd";"64341";"947"
"10.02.2025";"2";"1";"146.232.73.107";"37004";"658"
"10.02.2025";"1";"2";"dded:fd90:f3aa:8c6b:fdba:e683:fbb0:f724";"46716";"734"
"10.02.2025";"3";"1";"0dda:ccb0:442a:ccec:d99e:91f3:cdb9:afc1";"37835";"613"
"10.02.2025";"5";"2";"161.70.77.55";"30862";"975"
"10.02.2025";"1";"2";"3bd5:8ba4:20bd:bc67:6ca5:8eb8:434e:0aa1";"25187";"13"
"10.02.2025";"4";"2";"a5fe:98af:28a9:42f2:9bb2:6d54:3caf:488c";"46386";"411"
"10.02.2025";"2";"1";"6f76:fcd7:9951:b722:ce1a:3e9f:0735:bbc1";"25129";"168"
"10.02.2025";"5";"2";"a536:dc3b:6e9f:b7ee:5fae:73a9:f35b:b41e";"2297";"274"
"10.02.2025";"1";"1";"132.152.87.81";"16758";"202"
"10.02.2025";"1";"2";"640e:768e:d1c4:efdc:bd00:ec74:0faf:ee50";"50793";"729"
"10.02.2025";"4";"1";"94.202.18.15";"29556";"710"
"10.02.2025";"2";"2";"161.55.114.101";"65361";"348"
"10.02.2025";"4";"2";"51.35.46.192";"22359";"892"
"10.02.2025";"1";"1";"241.14.249.208";"53401";"241"
"10.02.2025";"2";"2";"166.214.139.37";"61733";"72"
"10.02.2025";"5";"2";"243.45.174.86";"18048";"63"
"10.02.2025";"3";"1";"3aac:cc20:1c31:d222:7a6d:236b:a4a4:7dbf";"56003";"850"
"10.02.2025";"2";"1";"eeea:ae5d:a436:e0cc:adea:c2e3:c82e:b7fc";"1147";"874"
"10.02.2025";"3";"1";"249b:5355:c3ec:8b2f:b0cb:ec9f:bc70:69e5";"18986";"949"
"10.02.2025";"1";"2";"112.162.181.210";"21020";"976"
"10.02.2025";"5";"1";"31.171.185.16";"54786";"358"
"10.02.2025";"5";"1";"183.60.109.15";"50922";"987"
"10.02.2025";"5";"1";"155.197.122.34";"43685";"95"
"10.02.2025";"2";"2";"eb05:0ae2:86a3:8c08:922b:2cf5:f56b:63bf";"45563";"831"
"10.02.2025";"3";"1";"8b8e:5c7c:a84d:2b6e:dadb:cb1c:0c5c:ac93";"56197";"912"
"10.02.2025";"1";"2";"6cca:fdde:e41b:cd8c:c6cb:d61e:f5f3:0075";"23984";"850"
"10.02.2025";"4";"1";"7cdc:587a:d9ad:42c9:fd6f:365f:ea5f:1a4b";"24798";"504"
"10.02.2025";"3";"1";"149.138.238.104";"54939";"803"
"10.02.2025";"2";"2";"b968:f85e:a12e:ff1d:81e0:b7a1:29df:e70a";"16684";"574"
"10.02.2025";"5";"1";"102.245.208.185";"4174";"133"
"10.02.2025";"5";"1";"3.19.35.34";"46953";"26"
"10.02.2025";"3";"1";"de27:0397:7459:883a:5e6d:164c:a5ec:40fc";"29756";"366"
"10.02.2025";"3";"1";"18.80.97.99";"25581";"109"
"10.02.2025";"2";"1";"1d2a:8ef1:76ac:dfb1:ceab:e6aa:7bcf:f6a2";"19605";"784"
"10.02.2025";"2";"1";"bec6:0fd5:1f3f:6af3:3cf3:6c2e:90dc:ce1a";"48558";"35"
"10.02.2025";"2";"1";"7fbb:e0ea:3f87:fdbb:d0e7:6abe:dcac:c3f9";"9995";"823"
"10.02.2025";"1";"2";"f9cb:a4e0:bfff:fabf:c6b3:bc96:adfb:b8f5";"23625";"272"
"10.02.2025";"3";"2";"32.225.76.11";"34520";"662"
"10.02.2025";"1";"1";"109.103.71.230";"49349";"869"
"10.02.2025";"5";"2";"dac0:96ca:bad8:0abe:0c92:ef89:7dbe:cc21";"20804";"648"
"10.02.2025";"2";"2";"185.104.185.252";"33498";"557"
"10.02.2025";"3";"2";"61a7:bf2f:33c7:4ac8:0646:f4cd:c5e9:080a";"65312";"579"
"10.02.2025";"3";"2";"d0de:ddd6:c1a3:f65b:fc45:2cbf:6ae2:a5ec";"1398";"359"
"10.02.2025";"2";"2";"159.227.139.4";"3101";"290"
"10.02.2025";"4";"1";"c0b3:7a51:76ce:7c3d:9f9e:2452:0a98:ee7b";"10607";"531"
"10.02.2025";"4";"1";"0bf7:a236:b853:f23b:d5eb:cf9b:b1d8:b2aa";"15256";"924"
"10.02.2025";"2";"2";"155.210.80.4";"19027";"27"
"10.02.2025";"1";"2";"62.207.14.200";"7444";"391"
"10.02.2025";"5";"2";"4f18:0df7:f9fd:dd16:0bab:9d8d:efbd:eca5";"13139";"101"
"10.02.2025";"4";"2";"48.48.81.139";"29931";"551"
"10.02.2025";"2";"2";"176.154.243.196";"59490";"421"
"10.02.2025";"5";"1";"47.177.154.50";"64247";"785"
"10.02.2025";"3";"2";"226.140.49.75";"34776";"256"
"10.02.2025";"5";"1";"204.179.62.236";"60255";"101"
"10.02.2025";"4";"1";"90.36.194.141";"23296";"256"
"10.02.2025";"2";"1";"8ed7:64ed:aa6f:bcfd:d3bb:deec:03db:7ce8";"57118";"882"
"10.02.2025";"5";"1";"144.79.181.118";"35377";"561"
"10.02.2025";"1";"2";"163.53.131.66";"43290";"353"
"10.02.2025";"5";"2";"be29:ea43:f11b:65e2:0e50:df7c:951c:039c";"20309";"311"
"10.02.2025";"2";"1";"131.131.33.150";"63296";"858"
"10.02.2025";"1";"1";"119.198.2.178";"62533";"245"
"10.02.2025";"2";"2";"2fae:72bd:a8f1:93b8:caeb:792e:23d1:dbef";"13227";"491"
"10.02.2025";"4";"1";"b97b:c126:fa7d:decd:36af:efa5:baa3:a49d";"43916";"19"
"10.02.2025";"1";"1";"bcce:cfe0:21fb:bf9e:29cc:f0c5:c382:f026";"34348";"128"
"10.02.2025";"2";"1";"e479:a3ae:b67e:c436:6be3:cfc4:cded:3fd9";"23604";"448"
"10.02.2025";"2";"1";"32.22.41.52";"51586";"936"
"10.02.2025";"5";"2";"161.26.206.53";"51815";"775"
"10.02.2025";"5";"1";"244.220.96.232";"10819";"333"
"10.02.2025";"5";"2";"9322:b2f4:923f:404a:b7f8:7e59:b0aa:da7e";"59112";"730"
"10.02.2025";"4";"1";"33.221.126.144";"39762";"677"
"10.02.2025";"5";"2";"cba0:e3ff:7bdc:db9d:e0f0:aba2:babb:51ca";"63068";"771"
"10.02.2025";"3";"2";"20.57.72.18";"29995";"98"
"10.02.2025";"1";"2";"1657:c3db:1d7c:a4f6:cfdf:504d:aaf0:b1a5";"56857";"663"
"10.02.2025";"2";"2";"195.204.37.33";"2422";"27"
"10.02.2025";"3";"1";"46.0.232.223";"41103";"762"
"10.02.2025";"1";"1";"71e1:ba07:f5ec:cdf2:cdcf:4e92:0cb2:8aa8";"364";"120"
"10.02.2025";"1";"1";"71.114.38.51";"28030";"447"
"10.02.2025";"4";"1";"dbcc:1f65:fcea:dbdb:5f44:755e:5e70:1db3";"40892";"411"
"10.02.2025";"3";"2";"16.195.33.160";"12342";"545"
"10.02.2025";"4";"1";"a9fc:dffc:3a92:fdd8:fc8e:eac3:7efd:0ac2";"20673";"514"
"10.02.2025";"2";"1";"8b49:ce18:f421:92bf:8f9b:5d9c:d58c:bbb3";"51689";"124"
"10.02.2025";"2";"2";"64.208.101.218";"12437";"183"
"10.02.2025";"2";"2";"28ee:56f7:6daf:af2d:c6bc:e099:fa2e:d31a";"60906";"851"
"10.02.2025";"1";"2";"cfdf:e9c6:fc15:4b5e:8ad9:4b0e:bbca:adec";"6535";"63"
"10.02.2025";"5";"1";"9cd0:b80f:715b:7641:d98c:48d9:5943:b71c";"49633";"688"
"10.02.2025";"2";"2";"198.84.147.153";"49991";"366"
"10.02.2025";"3";"1";"c76c:ab5b:e4d4:b68d:8b7b:52de:cf7f:dd6b";"3053";"390"
"10.02.2025";"4";"1";"100.134.214.106";"57115";"815"
"10.02.2025";"2";"2";"59.87.147.97";"38890";"265"
"10.02.2025";"2";"1";"f9cf:bf7c:e9fc:d8d5:5b92:fdaf:ea70:dabe";"11536";"840"
"10.02.2025";"2";"2";"135.37.141.159";"39078";"334"
"10.02.2025";"4";"2";"150.221.129.139";"63274";"334"
"10.02.2025";"1";"1";"cbec:04d2:52dc:0e39:3003:8bfa:8d2e:83ee";"24645";"252"
"10.02.2025";"3";"1";"a7ab:b2be:5df6:2da4:d512:d0f6:ae7d:bdd5";"52924";"716"
"10.02.2025";"4";"2";"63.194.53.65";"36019";"384"
"10.02.2025";"2";"2";"153.14.61.33";"60616";"265"
"10.02.2025";"5";"2";"43.71.39.97";"26379";"129"
"10.02.2025";"5";"1";"3f9a:abdd:9dbb:c2ae:f42d:af4d:26a4:d9d7";"14246";"784"
"10.02.2025";"5";"2";"140.54.35.143";"57770";"979"
"10.02.2025";"2";"2";"d0e1:0af5:b24d:682b:ed4c:2f0a:709e:5bfc";"55145";"876"
"10.02.2025";"3";"1";"26.4.146.207";"816";"410"
"10.02.2025";"3";"2";"189.39.178.145";"6164";"274"
"10.02.2025";"1";"2";"31b7:8217:abbd:c404:d8b0:aeec:b0ba:4ea3";"29675";"843"
"10.02.2025";"1";"2";"af56:378c:73b3:aaac:9a0e:69fc:b7f0:48c3";"57708";"322"
"10.02.2025";"5";"2";"852c:952a:a514:874b:a1f6:eee4:2cf8:19fd";"63402";"656"
"10.02.2025";"3";"1";"214.242.80.133";"61609";"940"
"10.02.2025";"2";"2";"f907:603a:b155:7cfe:f8af:b24e:8fe8:6cba";"11473";"708"
"10.02.2025";"5";"2";"25.146.203.183";"21064";"528"
"10.02.2025";"1";"1";"186.1.176.17";"64919";"931"
"10.02.2025";"3";"1";"fb3e:ebf9:ed19:3cac:a129:fa07:ea70:8c50";"25359";"564"
"10.02.2025";"3";"2";"98.204.187.48";"35809";"252"
"10.02.2025";"4";"1";"61.5.216.87";"54335";"532"
"10.02.2025";"3";"2";"9959:22ca:cf7e:bcac:edc6:7d55:bb8b:cbb8";"8638";"326"
"10.02.2025";"5";"2";"cbad:b8fa:97aa:d763:cb06:bdbe:adbd:30ee";"48186";"828"
"10.02.2025";"2";"1";"209.174.27.75";"48524";"484"
"10.02.2025";"5";"2";"ede1:e5d1:be3a:5aae:aa8b:b253:abae:cc93";"28816";"259"
"10.02.2025";"2";"2";"61.32.226.232";"62529";"354"
"10.02.2025";"4";"1";"151.77.82.19";"37615";"9"
"10.02.2025";"2";"1";"3ca9:1c0c:cfbe:a0c1:fbb9:6073:9c86:bd43";"1495";"382"
"10.02.2025";"1";"2";"102.37.120.86";"39607";"585"
"10.02.2025";"1";"1";"f3bf:a941:6f5f:5ff8:02ff:db3a:8f1d:e42e";"38867";"416"
"10.02.2025";"5";"2";"89.12.140.0";"56777";"843"
"10.02.2025";"1";"1";"234.90.38.211";"9033";"49"
"10.02.2025";"1";"1";"77.72.219.170";"49995";"24"
"10.02.2025";"1";"1";"d01e:ccc2:e4fe:a8c4:3c2c:55da:d3e3:d4d3";"5738";"922"
"10.02.2025";"5";"1";"36.134.191.19";"9513";"444"
"10.02.2025";"4";"2";"d25f:4efa:5ddf:8aaf:fffd:8709:1ec2:f4d5";"6504";"864"
"10.02.2025";"2";"2";"186.49.114.124";"55087";"427"
"10.02.2025";"1";"1";"bea5:48d0:b675:10db:abdd:78cf:31db:c646";"25669";"194"
"10.02.2025";"3";"2";"6232:8c0f:bffc:f3cc:7ec7:dc44:8b52:fdbe";"35620";"991"
"10.02.2025";"1";"2";"290f:c12c:d75a:bce8:f6db:c621:5e1e:2bc3";"44739";"986"
"10.02.2025";"2";"1";"0d92:1125:c20c:be50:4d0f:98f1:ae88:c8ea";"14070";"382"
"10.02.2025";"2";"1";"73.140.207.165";"3607";"464"
"10.02.2025";"5";"1";"0bc3:1aad:c5dc:d2cd:fb29:e056:e75d:5d1d";"20346";"698"
"10.02.2025";"3";"2";"64.108.49.11";"22491";"314"
"10.02.2025";"4";"1";"e4e3:bfa6:f65b:bf6d:cead:8ca1:13b7:f0fc";"56171";"519"
"10.02.2025";"2";"1";"21.179.206.54";"41946";"245"
"10.02.2025";"4";"1";"110.46.48.224";"52109";"677"
"10.02.2025";"1";"1";"95.49.127.183";"7192";"674"
"10.02.2025";"4";"1";"fbad:cc98:d1db:a9f0:b6b9:f909:0fce:cc7e";"680";"919"
"10.02.2025";"4";"2";"28b9:c7c2:7fbb:1da1:c6eb:87bc:096a:6880";"1115";"193"
"10.02.2025";"1";"2";"e9f7:e276:64cc:ab0d:ef8f:ad2b:a5bd:9dd1";"13987";"141"
"10.02.2025";"4";"2";"46bf:b4ac:4451:258b:d032:97a6:b02b:f6af";"21280";"787"
"10.02.2025";"2";"2";"eabb:559d:68d3:14b0:fc7b:e9eb:17ad:20e8";"64265";"179"
"10.02.2025";"2";"2";"b496:a05c:e94a:0ed2:5dab:e3a7:e1b2:6af0";"16283";"464"
"10.02.2025";"2";"2";"5c2e:76dc:a17f:e52f:06c5:5267:183c:f5cc";"42045";"290"
"10.02.2025";"2";"2";"85ac:8c99:6be8:5ac8:eb8d:ebc2:59c4:c2cf";"19003";"263"
"10.02.2025";"5";"1";"171.169.93.16";"24934";"540"
"10.02.2025";"5";"1";"67d8:7cab:b3f8:a2bb:3dbc:e373:e641:1662";"52733";"763"
"10.02.2025";"1";"2";"215.250.54.131";"2987";"420"
"10.02.2025";"3";"1";"123.104.110.47";"65198";"484"
"10.02.2025";"1";"1";"52.12.235.73";"35202";"353"
"10.02.2025";"5";"1";"65.112.203.242";"55332";"633"
"10.02.2025";"3";"2";"48.189.123.88";"22912";"53"
"10.02.2025";"1";"2";"200.116.104.218";"30068";"524"
"10.02.2025";"1";"1";"b3f6:7abe:53ae:6cda:c7ce:5e5c:be17:8f4f";"6390";"256"
"10.02.2025";"4";"2";"148.158.137.229";"57589";"14"
"10.02.2025";"2";"1";"16.194.173.19";"27061";"501"
"10.02.2025";"4";"2";"42af:ba0f:101a:59d9:5bd2:ac1a:ba83:19ed";"18528";"589"
"10.02.2025";"3";"1";"d8ca:ee4d:b6ca:3562:6afb:39b1:b7ec:1dea";"27948";"174"
"10.02.2025";"5";"2";"85.184.119.247";"53666";"109"
"10.02.2025";"3";"2";"1.20.214.32";"24928";"466"
"10.02.2025";"3";"1";"bda3:7641:756b:33c3:782e:eeef:bcf2:d7dc";"52315";"215"
"10.02.2025";"3";"1";"ee7a:e714:c8e2:ffde:34fa:8bff:9b34:4c6f";"12676";"196"
"10.02.2025";"5";"2";"253.11.240.184";"14189";"603"
"10.02.2025";"1";"1";"249.195.33.150";"38314";"752"
"10.02.2025";"4";"1";"bc8f:fc9f:fe2d:8ae0:a99f:39fa:afc1:f455";"25038";"825"
"10.02.2025";"2";"1";"b80b:62fa:5d7b:6b82:2fd6:e2dd:1d6c:a82f";"31820";"40"
"10.02.2025";"5";"2";"5425:bbcb:c3f5:247c:eee6:b7ae:0e14:12d9";"56149";"540"
"10.02.2025";"5";"1";"a4b9:e854:bbaa:f0d1:44f6:259e:2d67:dec0";"64903";"226"
"10.02.2025";"5";"1";"130.217.157.138";"11804";"745"
"10.02.2025";"5";"2";"201.173.75.140";"10617";"9"
"10.02.2025";"1";"1";"d076:87f0:1c2a:f3cb:5f8e:63bb:cf8d:5bd4";"27620";"576"
"10.02.2025";"5";"2";"ba5c:4455:fc7b:eafd:8d4d:a2eb:2bad:51f6";"58005";"327"
"10.02.2025";"2";"1";"2540:8f35:ac48:e5ee:a9b0:cff7:acce:c75d";"40369";"229"
"10.02.2025";"3";"2";"0.47.198.105";"55203";"165"
"10.02.2025";"1";"1";"3.177.208.98";"49313";"647"
"10.02.2025";"5";"2";"154.168.109.14";"24289";"304"
"10.02.2025";"1";"1";"c155:cb4e:caed:16bc:dedb:37ea:4bb3:a479";"57372";"952"
"10.02.2025";"3";"2";"8.232.34.221";"44111";"649"
"10.02.2025";"1";"1";"cea9:aa53:f09a:8beb:c7bd:b4b3:6ab7:ece6";"4454";"930"
"10.02.2025";"1";"2";"100.216.9.219";"57402";"682"
"10.02.2025";"4";"2";"c8ab:ff1d:ced5:1eef:475f:ff39:1fbc:a0f6";"3178";"979"
"10.02.2025";"1";"1";"d7df:656a:36f7:bcbd:af26:1d55:de7d:a6fd";"36305";"482"
"10.02.2025";"2";"1";"14d9:efdd:7cbe:ba4d:bbe8:c4fc:81e3:58a5";"72";"785"
"10.02.2025";"1";"1";"14ed:7a9d:4dad:bb26:bf9f:4f3e:9bee:e5e5";"10811";"245"
"10.02.2025";"3";"1";"d749:aa18:0d43:c4d9:75dd:a1ab:d8ac:e10c";"50986";"243"
"10.02.2025";"3";"1";"150.167.147.73";"30485";"2"
"10.02.2025";"1";"2";"dcf1:1da3:cdd8:dbb9:50bf:4884:cdc2:fe3b";"9038";"86"
"10.02.2025";"1";"2";"a741:abda:d54f:3dd9:6be2:58df:4cfa:02bc";"37648";"384"
"10.02.2025";"1";"2";"53ae:0a52:8bc7:8b5c:8eee:b5af:f4ac:8731";"56157";"194"
"10.02.2025";"5";"1";"39.217.46.185";"64516";"367"
"10.02.2025";"5";"2";"06d2:a9fd:5eb6:71ee:fad7:d3ee:fccc:b2fb";"34949";"751"
"10.02.2025";"5";"1";"d9a2:f99f:2bbb:5a9d:ae1f:efaa:867c:7c18";"39529";"550"
"10.02.2025";"3";"2";"61da:a121:bc2b:45cc:dfd8:db7c:f048:7d3f";"23898";"543"
"10.02.2025";"5";"1";"d2e4:dbb0:1ac2:4788:d170:83ec:7fab:cd04";"45129";"714"
"10.02.2025";"1";"2";"231.126.159.213";"9333";"653"
"10.02.2025";"3";"2";"77.126.114.125";"1042";"709"
"10.02.2025";"4";"2";"131.113.192.119";"58457";"414"
"10.02.2025";"1";"1";"16aa:894d:56bc:e97f:ebbd:1851:54eb:008a";"31549";"214"
"10.02.2025";"5";"1";"193.23.170.5";"16093";"617"
"10.02.2025";"4";"1";"f1ae:baeb:aa7b:2bba:e49c:ed86:ff40:c6ca";"10403";"991"
"10.02.2025";"1";"2";"123.8.178.12";"48380";"725"
"10.02.2025";"3";"1";"55.45.10.123";"55083";"106"
"10.02.2025";"3";"1";"182.65.186.180";"46510";"453"
"10.02.2025";"4";"1";"251.0.159.185";"35387";"466"
"10.02.2025";"1";"2";"234.252.89.192";"58260";"962"
"10.02.2025";"2";"1";"eb9b:c6c7:d53d:5d7e:bd40:b4b0:10a6:ca6d";"41685";"25"
"10.02.2025";"4";"2";"8ec3:db3b:fc47:c0ce:83ab:ffca:bb9a:6499";"40897";"236"
"10.02.2025";"3";"2";"163.81.212.224";"3584";"183"
"10.02.2025";"4";"1";"4da6:ec47:9492:0c78:aec2:6cfa:ca70:beee";"28979";"805"
"10.02.2025";"3";"1";"6d11:cd09:dbb0:aa74:ae2a:eeff:c3bd:29ca";"35231";"778"
"10.02.2025";"3";"2";"249.48.171.221";"20678";"388"
"10.02.2025";"5";"2";"219.142.137.54";"32271";"826"
"10.02.2025";"3";"1";"32.91.46.166";"19128";"811"
"10.02.2025";"1";"1";"bd2d:fe20:5110:7768:d3db:a407:b995:65ea";"54978";"727"
"10.02.2025";"1";"1";"7cb2:dab4:afaf:fd22:25a8:52df:e5a6:0baa";"61465";"782"
"10.02.2025";"5";"2";"146.169.36.115";"12080";"574"
"10.02.2025";"5";"1";"3045:6f68:fbb9:c51c:0829:f57a:d4ea:9efe";"34338";"778"
"10.02.2025";"3";"1";"48.169.250.143";"51617";"873"
"10.02.2025";"3";"2";"240.85.180.202";"14238";"807"
"10.02.2025";"1";"1";"c59c:dfdf:9f1b:db1c:6f49:8dec:bc9b:f80e";"3257";"944"
"10.02.2025";"2";"2";"68b5:c54b:37ce:5fab:b14a:e1fa:e832:bf53";"53412";"971"
"10.02.2025";"1";"2";"adfd:b1cf:6a6d:59ae:fbcf:bafe:f5eb:fbb5";"61186";"769"
"10.02.2025";"5";"1";"110.3.150.73";"64750";"379"
"10.02.2025";"4";"1";"178.245.156.101";"46017";"658"
"10.02.2025";"3";"2";"c8ac:eaa7:29e4:2d4f:c76b:42d9:7203:eaea";"1379";"96"
"10.02.2025";"1";"1";"db5c:3fc8:de3c:8e1d:d9c2:3e8c:c9c2:b05a";"42127";"736"
"10.02.2025";"5";"1";"152.229.101.7";"29563";"874"
"10.02.2025";"2";"2";"165.166.7.156";"53105";"752"
"10.02.2025";"3";"2";"f2eb:0ed7:e9ea:efe9:31f6:61fd:f9ca:bc62";"13607";"273"
"10.02.2025";"5";"2";"197.245.201.1";"38895";"198"
"10.02.2025";"1";"1";"470e:2f6d:e0ec:f954:13dd:0afe:3693:ade4";"11830";"663"
"10.02.2025";"3";"2";"184.146.93.201";"4710";"866"
"10.02.2025";"3";"1";"42.246.77.133";"35923";"509"
"10.02.2025";"1";"1";"37.245.166.183";"1659";"896"
"10.02.2025";"4";"2";"226.154.71.182";"23547";"206"
"10.02.2025";"2";"1";"74.226.183.81";"51973";"37"
"10.02.2025";"3";"2";"239.231.176.70";"1899";"50"
"10.02.2025";"5";"1";"7f4f:09a8:ffbf:d934:4bfa:bb7a:fa55:bcfa";"52492";"469"
"10.02.2025";"3";"1";"c2ea:43d8:aaae:eefd:354f:c192:8c6a:b8cc";"36345";"694"
"10.02.2025";"2";"2";"4a0e:fe42:ae85:373e:a320:828a:fd0a:6bdc";"31392";"28"
"10.02.2025";"1";"1";"128.199.160.143";"21609";"970"
"10.02.2025";"3";"1";"8c3d:bc4a:b6f0:fe6c:3cce:cd6c:4834:c9cb";"11071";"949"
"10.02.2025";"1";"2";"ddea:bdb8:cae4:aa3f:d6ee:443e:f1db:6f4f";"54275";"284"
"10.02.2025";"3";"1";"eac6:8d07:8b32:22eb:bb9c:babd:ac11:f2ab";"60120";"704"
"10.02.2025";"2";"2";"0d92:ebaf:e147:ed7e:cae7:8acb:e2d1:fec9";"54592";"808"
"10.02.2025";"1";"1";"250.20.94.204";"51192";"393"
"10.02.2025";"1";"1";"dc15:d2a7:fd05:d9d7:e089:d8a8:a65b:ac0a";"39482";"88"
"10.02.2025";"5";"1";"176.155.151.154";"28801";"851"
"10.02.2025";"1";"2";"129.195.59.47";"47146";"569"
"10.02.2025";"2";"1";"19.203.142.31";"10261";"673"
"10.02.2025";"5";"2";"7bc4:bc1c:7e8a:ffb9:e04a:bf7d:e7f3:eef2";"49485";"781"
"10.02.2025";"4";"1";"24.229.164.156";"13018";"477"
"10.02.2025";"4";"2";"91f9:befd:3f04:be7b:b0bc:17c7:d214:bbc6";"16467";"21"
"10.02.2025";"4";"2";"215.146.251.235";"28950";"728"
"10.02.2025";"2";"1";"186.181.156.5";"22790";"925"
"10.02.2025";"3";"1";"c4bd:61aa:f7dc:f724:ea7c:0a47:2876:76c0";"46925";"718"
"10.02.2025";"3";"1";"77.194.84.117";"50897";"738"
"10.02.2025";"1";"1";"230.239.215.197";"31302";"961"
"10.02.2025";"5";"1";"62.124.127.5";"54667";"328"
"10.02.2025";"3";"1";"6d75:def4:859c:afc3:f3ef:4ffe:bcf7:de7b";"10988";"165"
"10.02.2025";"2";"2";"2bad:b35e:607d:f789:e34b:9cf4:cdf5:19fa";"13453";"835"
"10.02.2025";"3";"2";"bdbb:c5c2:b1c1:e143:4fea:eea7:c675:d59e";"11701";"759"
"10.02.2025";"2";"1";"127.170.150.115";"54009";"13"
"10.02.2025";"3";"1";"cdcc:1f62:91b3:45d8:668b:718a:d10b:dd40";"59547";"436"
"10.02.2025";"2";"1";"5b8c:f167:7bd8:2cef:ce9d:2fc5:4f2b:b6e5";"61754";"470"
"10.02.2025";"1";"1";"176.29.120.15";"5083";"904"
"10.02.2025";"2";"1";"bf73:84c8:45e2:21ca:af86:aed4:cf63:dfc2";"40298";"867"
"10.02.2025";"5";"2";"103.182.3.201";"27896";"740"
"10.02.2025";"4";"2";"25.226.91.212";"57723";"96"
"10.02.2025";"5";"1";"87.35.103.216";"27104";"55"
"10.02.2025";"5";"1";"fbf2:a47d:53db:ecb4:b3cf:acdf:1f18:01e3";"18148";"725"
"10.02.2025";"4";"2";"161.216.68.104";"53631";"944"
"10.02.2025";"1";"2";"f37d:0c64:ecf7:8c30:cdcf:5a15:3da9:cf7c";"44619";"748"
"10.02.2025";"3";"1";"65.198.227.94";"5656";"118"
"10.02.2025";"4";"1";"218.143.93.186";"34996";"873"
"10.02.2025";"1";"2";"210.45.176.187";"24013";"179"
"10.02.2025";"5";"1";"31.110.163.117";"38781";"910"
"10.02.2025";"4";"2";"67.199.182.165";"39230";"152"
"10.02.2025";"4";"2";"579b:a1a9:d3fd:53bf:baec:0d4d:2a9d:a4f3";"2968";"64"
"10.02.2025";"5";"1";"dab8:bf8e:ad06:8a6d:0ea9:c3cb:3fad:8a08";"28097";"758"
"10.02.2025";"3";"1";"d7fb:ff33:d7f7:babe:fe8e:1cc5:cc51:a4f9";"61532";"439"
"10.02.2025";"3";"2";"e5aa:abe4:3ff8:4add:29b4:134a:cfa1:fc78";"27955";"176"
"10.02.2025";"5";"1";"6d8f:1f35:0fc9:9739:9a0d:cd8e:0bcc:28bb";"46581";"565"
"10.02.2025";"4";"1";"57.54.162.245";"6479";"757"
"10.02.2025";"5";"2";"a6d0:6aaa:221f:a09c:ea4a:28d8:5f9f:2efd";"15391";"409"
"10.02.2025";"2";"2";"7c3c:84ea:72f4:7efb:1b6c:4b56:b4ff:d587";"36372";"489"
"10.02.2025";"1";"1";"203.131.159.183";"54054";"660"
"10.02.2025";"3";"2";"139.150.172.120";"36950";"377"
"10.02.2025";"4";"2";"71.16.54.22";"31748";"26"
"10.02.2025";"3";"2";"173.65.55.189";"22354";"109"
"10.02.2025";"1";"2";"4.158.249.224";"9290";"931"
"10.02.2025";"3";"1";"a87c:b20e:febc:b323:24fe:e9cb:b1ac:3668";"53578";"74"
"10.02.2025";"3";"1";"127.154.154.130";"19783";"531"
"10.02.2025";"1";"2";"111.204.135.28";"64821";"938"
"10.02.2025";"4";"2";"a32c:1978:d9b9:7ebd:aea5:af6b:4de4:d0a0";"25376";"4"
"10.02.2025";"3";"2";"34f3:00a9:b1d7:25c2:bf0d:d5cd:5187:f5aa";"61563";"596"
"10.02.2025";"5";"1";"78.131.242.103";"46167";"459"
"10.02.2025";"4";"1";"3daa:d635:2749:e2a9:bcd4:3370:5eb5:5df2";"21746";"711"
"10.02.2025";"3";"2";"184.5.112.193";"1525";"14"
"10.02.2025";"5";"1";"9d3d:db1b:edc2:85ab:c2d8:cead:d740:e8c5";"54259";"797"
"10.02.2025";"1";"1";"156.156.41.68";"59988";"667"
"10.02.2025";"3";"2";"13.201.92.96";"3521";"649"
"10.02.2025";"4";"1";"134.39.222.153";"53382";"555"
"10.02.2025";"4";"1";"178.64.235.159";"20969";"810"
"10.02.2025";"3";"1";"2ec4:2ddd:4f6c:cbf6:da67:13f8:c9ff:c3cc";"35999";"416"
"10.02.2025";"1";"1";"186.138.95.22";"38649";"525"
"10.02.2025";"2";"2";"26.41.205.187";"1088";"475"
"10.02.2025";"3";"1";"d3b4:1f3d:505a:3f1f:a6ad:2beb:18af:c3bd";"40873";"132"
"10.02.2025";"1";"1";"107.118.24.70";"35208";"861"
"10.02.2025";"3";"1";"aad3:6ebb:6bc0:6b4d:1da5:c8bc:0e1a:eee7";"45631";"660"
"10.02.2025";"4";"1";"157.220.85.244";"51615";"489"
"10.02.2025";"3";"1";"d46d:eaf6:dc61:66a9:c8fe:c5e5:b1b7:75f8";"46101";"468"
"10.02.2025";"4";"2";"20.138.69.235";"46952";"345"
"10.02.2025";"2";"1";"194.76.105.87";"35924";"348"
"10.02.2025";"1";"1";"a1c8:adbc:2d49:5fb2:9f2d:728c:cbfd:08ac";"38674";"953"
"10.02.2025";"2";"1";"161.62.248.169";"5781";"698"
"10.02.2025";"1";"2";"125.110.138.196";"31786";"483"
"10.02.2025";"5";"2";"12.106.126.202";"60269";"232"
"10.02.2025";"5";"2";"69.166.187.19";"45742";"442"
"10.02.2025";"2";"2";"1c7d:6e72:3197:9caf:056a:1f84:5ec4:cd79";"48241";"520"
"10.02.2025";"2";"2";"19.102.50.12";"35779";"212"
"10.02.2025";"1";"2";"31.201.67.77";"29062";"439"
"10.02.2025";"1";"1";"47.46.131.162";"27900";"767"
"10.02.2025";"3";"2";"e66e:e7fd:d3a7:d9ea:e8bb:7e19:44e2:e8e6";"9454";"461"
"10.02.2025";"4";"2";"201.104.202.216";"30496";"869"
"10.02.2025";"2";"2";"db1d:3ce3:aedb:6d79:1608:77f1:f2ad:ecc7";"33575";"676"
"10.02.2025";"4";"1";"b7ae:dfee:7cef:3aac:d0ad:bbfb:dcaa:b70a";"27689";"962"
"10.02.2025";"2";"1";"8508:cb03:7bd4:fedd:ef32:62cb:9146:faa9";"18920";"851"
"10.02.2025";"2";"2";"56.121.22.152";"20893";"615"
"10.02.2025";"5";"2";"1be1:ecc5:eee8:d8ff:faf7:0cb6:d2b8:b023";"31567";"94"
"10.02.2025";"3";"2";"55da:19ea:996f:7741:db9e:a3ea:6a4f:fe5a";"27241";"2"
"10.02.2025";"5";"1";"98.248.221.78";"7242";"865"
"10.02.2025";"1";"2";"225.187.131.69";"4622";"212"
"10.02.2025";"5";"1";"d327:0e7d:375b:fd27:1f2c:d770:5f3b:1de4";"11995";"521"
"10.02.2025";"1";"1";"241.67.160.93";"26723";"877"
"10.02.2025";"4";"1";"796e:c702:418a:fb28:cd18:7d8a:4c08:d0d9";"35651";"587"
"10.02.2025";"4";"1";"c69f:6ccc:0ee5:1cec:270a:8eec:b86b:b078";"65093";"83"
"10.02.2025";"5";"2";"5fda:dbe4:6851:fffb:80cf:6a8d:2ffd:7cab";"20932";"320"
"10.02.2025";"4";"2";"84eb:8d12:ed34:f3ad:e81b:b59e:aea3:2c93";"18338";"909"
"10.02.2025";"2";"1";"95.127.68.195";"909";"504"
"10.02.2025";"2";"1";"18.213.33.40";"25544";"225"
"10.02.2025";"5";"1";"218.58.180.84";"10447";"307"
"10.02.2025";"5";"1";"45da:e261:ad00:afd1:7ed3:aef3:4e7c:0c53";"51084";"980"
"10.02.2025";"3";"2";"212.219.72.88";"63655";"149"
"10.02.2025";"4";"2";"4c68:ec3f:4add:c1dc:70a4:a077:cdaf:d605";"52330";"906"
"10.02.2025";"4";"2";"8466:00de:1de1:9ebe:f790:ce9f:416f:b8ad";"37514";"712"
"10.02.2025";"5";"1";"0ba9:ac22:3fd7:4afa:98a9:42f1:2647:20aa";"61906";"898"
"10.02.2025";"3";"2";"97.147.17.91";"42903";"2"
"10.02.2025";"5";"1";"69.18.177.32";"1201";"944"
"10.02.2025";"4";"1";"cb6f:4e4a:d3be:bdf5:6e4a:f0ae:fa7c:a5b7";"30644";"275"
"10.02.2025";"5";"1";"24b7:0e3e:cc0a:6565:e70c:eae7:a0e0:4e83";"40404";"573"
"10.02.2025";"2";"2";"180.184.44.20";"58409";"290"
"10.02.2025";"5";"2";"29.126.29.208";"3815";"86"
"10.02.2025";"3";"1";"63c1:d5a6:43eb:caaa:ff85:3ee3:fdcb:5bbb";"59724";"837"
"10.02.2025";"4";"1";"24.41.65.100";"21589";"867"
"10.02.2025";"1";"1";"117.121.247.184";"27070";"332"
"10.02.2025";"4";"2";"c7fc:c55f:dde4:2de8:e5fe:a096:e0c3:8096";"40430";"582"
"10.02.2025";"2";"1";"125.72.182.202";"29754";"100"
"10.02.2025";"3";"1";"a6cf:2fef:9268:fc04:c8fb:e752:6d9b:0fd4";"40961";"408"
"10.02.2025";"2";"2";"14.121.50.74";"28544";"848"
"10.02.2025";"3";"2";"3a4f:74d3:adae:eedb:dc3c:8381:a4d1:9a45";"15121";"286"
"10.02.2025";"3";"2";"144.170.248.251";"40608";"602"
"10.02.2025";"1";"1";"ad9e:9b5f:3dab:c9ae:7fec:c87b:f590:aaf2";"53659";"633"
"10.02.2025";"4";"1";"39.7.7.59";"27839";"718"
"10.02.2025";"1";"2";"c31d:ea67:e6eb:98ee:9ccf:c24d:d14f:c46c";"46819";"713"
"10.02.2025";"2";"2";"06b3:6a9d:42c4:f9ee:e6af:1a30:2dba:5740";"3035";"918"
"10.02.2025";"5";"1";"e823:f09f:8dfd:d78e:ffdf:dbcd:98d8:6a90";"31807";"354"
"10.02.2025";"3";"2";"136.121.41.198";"29342";"865"
"10.02.2025";"1";"2";"0f4b:4e3a:ffba:e12e:e9af:abd2:ccda:bc4d";"8426";"548"
"10.02.2025";"4";"2";"be4e:6899:5a0a:c8a5:45a5:2eec:d14f:b7fd";"4248";"918"
"10.02.2025";"4";"2";"dede:6334:d8d3:cee8:cf1d:b8b2:6b06:47dd";"3909";"51"
"10.02.2025";"2";"1";"70.57.181.211";"10050";"488"
"10.02.2025";"1";"2";"79b5:2a0e:030b:dbe6:dae3:fcbd:0dd6:9efc";"60055";"573"
"10.02.2025";"4";"1";"a8a0:17f7:8dc0:45f4:2aa9:2d0a:7fbd:d90d";"7638";"374"
"10.02.2025";"1";"1";"193.184.65.180";"54933";"496"
"10.02.2025";"4";"2";"244.80.54.54";"29054";"78"
"10.02.2025";"4";"2";"794e:fd8b:64d3:00db:fdff:beae:e6fd:b1aa";"7011";"518"
"10.02.2025";"4";"1";"82.15.198.224";"55332";"758"
"10.02.2025";"4";"2";"145.196.213.76";"43315";"124"
"10.02.2025";"4";"2";"93.24.46.204";"25258";"400"
"10.02.2025";"3";"2";"e974:37b3:ee42:0a1c:d05c:27df:dbc3:bbb7";"37047";"80"
"10.02.2025";"3";"2";"41ae:5c3e:73ad:4d87:b5a4:e9ba:3aa8:8efa";"6901";"496"
"10.02.2025";"1";"1";"175.28.0.157";"60554";"7"
"10.02.2025";"1";"1";"acb2:0dbb:21df:e4f9:25de:4348:bfef:fade";"29121";"100"
"10.02.2025";"2";"2";"45.15.174.100";"57506";"779"
"10.02.2025";"3";"1";"b1f4:ef99:05ea:bbd2:4c5d:0003:4f3d:eacd";"43098";"723"
"10.02.2025";"2";"1";"a34c:e24d:eb69:4e98:14f7:0a97:a2aa:ef0c";"42589";"441"
"10.02.2025";"2";"2";"38.247.17.22";"10183";"306"
"10.02.2025";"2";"1";"200.191.26.233";"20731";"820"
"10.02.2025";"2";"2";"81.4.134.36";"5956";"97"
"10.02.2025";"1";"1";"155.21.175.154";"47738";"850"
"10.02.2025";"3";"2";"212.56.171.171";"32095";"389"
"10.02.2025";"5";"1";"a320:fcfb:5810:d9b0:40a8:ad7a:fd6f:afc4";"59373";"758"
"10.02.2025";"1";"1";"ccd6:ae5b:cda2:0e21:ce1b:5ce4:d29a:afcc";"53997";"554"
"10.02.2025";"5";"2";"209.121.103.159";"24749";"339"
"10.02.2025";"4";"1";"c56c:7a57:36e2:0f2b:dda7:6dda:edab:a8df";"58243";"102"
"10.02.2025";"2";"2";"eef2:7ebb:b52c:dd61:f39b:9f8f:d1ff:dad3";"40616";"910"
"10.02.2025";"3";"2";"0aec:995a:f152:eabe:9914:ffb5:ea76:0e1a";"52267";"985"
"10.02.2025";"3";"1";"ed3a:ff43:bfae:622f:e38b:88fe:ce26:b6de";"5296";"202"
"10.02.2025";"3";"2";"165.102.216.253";"6634";"211"
"10.02.2025";"2";"2";"d02f:0def:7fa2:b8b7:dab9:ecab:2d89:eaee";"16123";"215"
"10.02.2025";"4";"1";"199.166.225.233";"27616";"284"
"10.02.2025";"1";"2";"2ebd:a757:c3dd:44f2:e628:c0cd:fabe:c11f";"42742";"799"
"10.02.2025";"2";"2";"252.58.183.53";"26092";"4"
"10.02.2025";"1";"1";"fdee:dd72:add6:ca4f:022a:c6de:63a3:48ee";"49127";"755"
"10.02.2025";"5";"1";"141.131.5.255";"26170";"74"
"10.02.2025";"4";"1";"208.81.233.3";"48736";"76"
"10.02.2025";"2";"1";"febb:e05e:be96:07b3:b2f9:7e5f:ba23:6d86";"20083";"309"
"10.02.2025";"4";"2";"3bcc:4b1b:fc02:0a0e:79c2:57ae:a0ae:adef";"11948";"676"
"10.02.2025";"5";"1";"4a1f:7bf8:3efd:3d27:c93c:187e:896f:30df";"50809";"11"
"10.02.2025";"4";"1";"62c0:9ced:7ce1:b49b:a455:fc66:c09b:f6fc";"40030";"404"
"10.02.2025";"2";"1";"49bb:5112:7f67:ceeb:c79c:674b:0b0a:bbd3";"254";"899"
"10.02.2025";"2";"1";"137.56.226.66";"29652";"269"
"10.02.2025";"5";"1";"35.45.246.247";"30494";"253"
"10.02.2025";"2";"1";"26.179.131.113";"37000";"86"
"10.02.2025";"4";"2";"168.198.207.61";"39979";"197"
"10.02.2025";"2";"1";"6.116.226.214";"10121";"336"
"10.02.2025";"1";"2";"117.221.198.44";"26827";"557"
"10.02.2025";"1";"2";"62ac:fe70:b6fd:bccc:c053:d930:8c47:daa4";"33311";"851"
"10.02.2025";"4";"1";"17.90.247.96";"25311";"696"
"10.02.2025";"4";"1";"aefd:82ab:23a6:96cc:83b3:dd9f:bde2:4d8b";"47786";"56"
"10.02.2025";"1";"1";"84.236.68.84";"16273";"290"
"10.02.2025";"1";"2";"964c:4f96:6c13:bd69:b593:bac2:8d7c:4dd1";"27834";"504"
"10.02.2025";"3";"1";"157.209.56.105";"38905";"391"
"10.02.2025";"4";"2";"616c:f22d:7816:1c4f:80e4:c692:a93a:dc5d";"63288";"118"
"10.02.2025";"5";"2";"10.232.88.254";"36373";"90"
"10.02.2025";"1";"1";"2d0f:9602:3cce:ecf2:afa7:fa17:6821:cb84";"8566";"191"
"10.02.2025";"5";"2";"8c7a:81e4:e497:0f8b:cdf5:b84b:fa71:df18";"61710";"25"
"10.02.2025";"2";"1";"239.140.207.34";"13803";"640"
"10.02.2025";"5";"1";"160.152.37.252";"44680";"425"
"10.02.2025";"1";"1";"2d78:38b8:fde8:f99b:f5b5:a5cc:4160:ff32";"7298";"560"
"10.02.2025";"4";"2";"abde:d0f9:d89b:8c13:81cb:888a:da0d:347b";"63868";"592"
"10.02.2025";"3";"2";"30ea:d8fb:aa40:7aa2:bb3c:cc0b:f6eb:bfc1";"32279";"793"
"10.02.2025";"4";"1";"44.150.181.151";"36727";"151"
"10.02.2025";"3";"1";"244.31.160.250";"3104";"991"
"10.02.2025";"3";"2";"153.229.145.213";"33340";"591"
"10.02.2025";"4";"1";"c1e3:b252:bcfe:b4b9:8a9c:cb1e:d61d:def0";"57031";"886"
"10.02.2025";"1";"1";"7c0d:41b4:cfab:c0cc:849b:4fd2:50f4:8dfc";"53579";"691"
"10.02.2025";"4";"1";"cb60:3bb4:6da3:9918:8206:c40f:da27:21ac";"43158";"606"
"10.02.2025";"3";"1";"190.151.219.231";"33875";"517"
"10.02.2025";"5";"2";"483d:be13:f2ee:6aef:e1b0:f3fd:f89b:58fa";"47907";"14"
"10.02.2025";"2";"2";"118.14.225.190";"22969";"128"
"10.02.2025";"5";"1";"fe13:f423:cbea:bd7a:f4cd:98ee:e412:dea4";"42967";"730"
"10.02.2025";"5";"1";"b8e0:01da:e6a9:aca5:4e22:bc9c:cddf:edeb";"6142";"601"
"10.02.2025";"4";"1";"100.159.60.200";"17849";"179"
"10.02.2025";"2";"2";"47ed:def0:e05e:22ea:44cc:1ba8:acac:ce7d";"15265";"108"
"10.02.2025";"3";"2";"fc21:d1d7:2305:ff16:56e1:bfe7:dcea:4c22";"17675";"907"
"10.02.2025";"1";"2";"112.35.127.27";"37087";"719"
"10.02.2025";"2";"1";"85ac:2517:734f:ed87:d8ba:be67:fa2c:acde";"8989";"302"
"10.02.2025";"2";"2";"f6f7:1c89:cc3c:aa06:c62b:b8c9:79aa:17f8";"34086";"569"
"10.02.2025";"1";"1";"c00b:2cd5:8c95:fbcd:313e:6cbe:48ca:2e5c";"7219";"165"
"10.02.2025";"1";"1";"8dfb:cfa0:ce5e:da8e:6cf4:d4f0:3e3c:c8b5";"32731";"735"
"10.02.2025";"3";"1";"203.196.86.58";"38989";"653"
"10.02.2025";"3";"2";"21.214.120.78";"25990";"219"
"10.02.2025";"3";"1";"d8a7:decb:f9ea:4fd2:5e46:ba4d:907f:2ffd";"4113";"606"
"10.02.2025";"2";"1";"195.127.175.124";"50507";"161"
"10.02.2025";"5";"1";"fcab:7e91:00e3:2bed:fefd:800f:cafb:ad19";"10153";"678"
"10.02.2025";"5";"2";"248.140.163.143";"53671";"646"
"10.02.2025";"1";"2";"125.118.70.247";"61732";"191"
"10.02.2025";"5";"1";"ee81:6bda:bbfc:882d:7bab:35de:f5fe:9eae";"23316";"730"
"10.02.2025";"2";"1";"113.35.56.179";"42802";"590"
"10.02.2025";"2";"1";"47.174.131.171";"30491";"493"
"10.02.2025";"5";"2";"30.158.106.169";"14596";"895"
"10.02.2025";"5";"1";"9baa:f2f5:d97b:91ca:d77e:b4d7:05be:70c4";"48412";"523"
"10.02.2025";"1";"2";"b526:a689:e3fb:22b9:c7bb:1897:91d9:5854";"9598";"5"
"10.02.2025";"1";"1";"ad6a:79c7:5aad:fabb:b6f4:ddc4:bf20:d9d4";"44829";"870"
"10.02.2025";"5";"2";"79.37.19.176";"24903";"875"
"10.02.2025";"2";"2";"164.68.72.36";"31796";"481"
"10.02.2025";"5";"1";"216.242.113.91";"16507";"617"
"10.02.2025";"5";"2";"202.185.120.52";"4145";"36"
"10.02.2025";"4";"2";"d0c3:ba39:5a98:6802:ad8e:8a4c:12ce:8bee";"45561";"460"
"10.02.2025";"4";"1";"120.157.31.161";"59750";"80"
"10.02.2025";"3";"1";"cda8:63da:bec7:71dd:afe7:eae6:accd:d7b0";"54356";"611"
"10.02.2025";"2";"2";"62.55.22.215";"4274";"934"
"10.02.2025";"4";"2";"254.5.67.90";"17496";"290"
"10.02.2025";"3";"1";"4f37:fe72:181b:ca11:ea62:1aec:8eba:3a0b";"28342";"634"
"10.02.2025";"4";"2";"126.197.67.77";"12749";"144"
"10.02.2025";"4";"2";"c574:8f15:d7db:598b:6f2f:aae1:eabc:a999";"57118";"563"
"10.02.2025";"1";"1";"85.123.239.157";"2223";"42"
"10.02.2025";"4";"2";"ef53:0be6:38fe:b5ef:b0ea:d6ab:9eef:d8ac";"63888";"937"
"10.02.2025";"4";"2";"88ae:a92f:fd6b:bdc3:bdac:f0c5:bb11:b5a4";"57244";"54"
"10.02.2025";"1";"1";"00cd:8b2c:87a2:db4d:cece:9884:a4af:6565";"55313";"76"
"10.02.2025";"1";"2";"248.179.195.75";"33662";"158"
"10.02.2025";"2";"2";"dd46:1b66:0efd:aab2:f649:dc3b:7c9f:bcde";"33457";"118"
"10.02.2025";"4";"1";"efef:f1cd:effa:d06a:acb3:3cea:4c9f:de43";"29379";"833"
"10.02.2025";"2";"2";"204.255.10.123";"28013";"159"
"10.02.2025";"5";"2";"18.88.208.89";"31953";"922"
"10.02.2025";"4";"2";"236.12.195.207";"44666";"886"
"10.02.2025";"2";"2";"19.172.124.74";"37531";"748"
"10.02.2025";"3";"2";"163.231.128.1";"2828";"287"
"10.02.2025";"3";"2";"161.168.21.115";"32362";"675"
"10.02.2025";"4";"1";"c6ae:0b88:0fd8:f444:d56c:cd4c:3efc:ebed";"8092";"422"
"10.02.2025";"2";"1";"fad6:32d4:5ddf:aa20:c6ef:6e86:9fbf:0fe3";"25642";"581"
"10.02.2025";"4";"2";"93.229.69.34";"28488";"583"
"10.02.2025";"1";"1";"210.90.20.221";"60195";"681"
"10.02.2025";"1";"1";"ff6c:cd8f:6f19:f19c:edb2:e3f6:e1fb:cded";"13619";"923"
"10.02.2025";"4";"2";"aa8b:cb3a:a814:f883:1db9:ff36:b5de:867b";"21110";"819"
"10.02.2025";"4";"1";"142.3.192.23";"1938";"865"
"10.02.2025";"3";"2";"22.252.225.82";"32523";"884"
"10.02.2025";"1";"1";"187.247.88.192";"62491";"904"
"10.02.2025";"4";"1";"57c7:e204:61eb:6806:4db8:7d76:1094:0f21";"52375";"492"
"10.02.2025";"3";"1";"12.86.18.63";"62175";"937"
"10.02.2025";"3";"1";"4fde:fdfa:d0ce:1c5e:71fd:e13b:d31e:3cdf";"2669";"990"
"10.02.2025";"3";"1";"118.228.156.100";"47257";"380"
"10.02.2025";"3";"1";"107.207.78.92";"3646";"776"
"10.02.2025";"1";"2";"238.190.248.148";"34883";"161"
"10.02.2025";"3";"1";"87.63.92.228";"44030";"16"
"10.02.2025";"3";"1";"244.238.74.245";"17452";"994"
"10.02.2025";"4";"1";"629a:aab3:9bad:0520:56e4:efaf:af38:e5da";"45175";"287"
"10.02.2025";"2";"1";"abf9:4ea2:a907:c8d6:e4fa:f734:ad3b:24ac";"19911";"551"
"10.02.2025";"1";"1";"692b:9d6c:a313:e492:a32d:acae:458e:0b90";"49160";"138"
"10.02.2025";"4";"1";"228.184.115.56";"34756";"179"
"10.02.2025";"4";"2";"115.177.39.32";"54956";"722"
"10.02.2025";"1";"2";"18.205.50.77";"31239";"606"
"10.02.2025";"1";"1";"213.29.157.225";"7314";"342"
"10.02.2025";"2";"1";"57.107.69.146";"41081";"695"
"10.02.2025";"4";"2";"7d3b:ac14:3ea6:7b6b:eec5:edcd:dd84:bfd5";"57462";"80"
"10.02.2025";"2";"1";"8eda:e591:c9eb:f0e6:5129:1cec:2a72:c8de";"32547";"384"
"10.02.2025";"5";"2";"756a:e2a9:f147:7351:0de0:47db:0e29:1edd";"61640";"976"
"10.02.2025";"1";"1";"fbb4:c4c5:4cc8:46cc:aa49:21bb:b78f:96ed";"23487";"911"
"10.02.2025";"1";"1";"bafb:4da9:e9bf:6ee6:a3ab:6233:5656:2aa0";"41177";"751"
"10.02.2025";"2";"2";"159.200.67.225";"8489";"697"
"10.02.2025";"2";"2";"ebef:cb21:5ec7:9a34:50c7:8a67:e780:dded";"27402";"925"
"10.02.2025";"5";"2";"215.203.200.136";"47115";"164"
"10.02.2025";"2";"1";"173.106.30.222";"3251";"77"
"10.02.2025";"1";"2";"1c5b:add4:bfcc:c9fe:0b70:27e4:5fbb:bccc";"58849";"19"
"10.02.2025";"5";"1";"ef4c:ba7a:fbec:0eba:2e20:ba0a:b657:d5ff";"62417";"397"
"10.02.2025";"4";"1";"1e39:4e7c:058b:b89e:ddac:950e:cdfd:08dd";"11860";"510"
"10.02.2025";"3";"2";"f4ad:ca34:28df:eeda:981d:0bd9:e13e:a10f";"3720";"961"
"10.02.2025";"3";"1";"7ad8:e08a:6d49:bf11:b9f7:483a:5de1:a0a0";"65385";"47"
"10.02.2025";"3";"2";"170.59.24.254";"48816";"921"
"10.02.2025";"3";"1";"26.87.23.205";"62668";"407"
"10.02.2025";"5";"1";"144.233.124.192";"26478";"557"
"10.02.2025";"5";"1";"bc12:d438:cbb8:636c:1c2e:bf5b:c6d6:ea65";"50955";"669"
"10.02.2025";"5";"2";"171.124.203.227";"52446";"699"
"10.02.2025";"1";"1";"2.227.17.233";"32030";"785"
"10.02.2025";"3";"1";"76.212.248.81";"18823";"311"
"10.02.2025";"2";"1";"bcbd:eaff:ae8c:facf:75bd:9de6:059f:b8be";"47223";"456"
"10.02.2025";"1";"2";"a94b:5ace:afbc:beb5:b5ee:faa1:ecbd:cf0a";"26192";"940"
"10.02.2025";"2";"2";"4e8e:29ba:dbb0:fda7:facc:cd8f:13fa:056f";"11299";"781"
"10.02.2025";"4";"2";"206.2.111.128";"33409";"366"
"10.02.2025";"2";"2";"2f2c:0ae4:6c29:fb9b:fdad:427a:3b7a:0c4e";"8166";"113"
"10.02.2025";"4";"2";"305c:fb5b:0d64:0c3d:4805:1ed7:c3d7:b673";"22431";"918"
"10.02.2025";"5";"1";"6cc8:e130:f055:d3cf:aff3:45fb:6fbc:8db0";"33328";"53"
"10.02.2025";"4";"2";"cafd:00ef:7a10:6dcf:71de:49ec:b73a:b41b";"27740";"230"
"10.02.2025";"2";"2";"190.150.101.242";"15978";"935"
"10.02.2025";"5";"2";"29.107.18.42";"33777";"343"
"10.02.2025";"1";"2";"30.13.5.253";"17202";"801"
"10.02.2025";"4";"2";"102.44.53.208";"26350";"816"
"10.02.2025";"1";"2";"d6ad:33b0:c0b1:bd09:9ead:cf5a:825f:a819";"10847";"597"
"10.02.2025";"4";"1";"e2b2:bcb0:adbd:d8da:eceb:f8fb:42d7:afab";"51504";"1"
"10.02.2025";"5";"1";"d70e:4566:7d65:cfd5:b8d9:a7b4:cfcc:3145";"32107";"458"
"10.02.2025";"3";"2";"243.10.112.95";"65372";"179"
"10.02.2025";"1";"1";"47.203.252.133";"19811";"330"
"10.02.2025";"1";"2";"25.129.54.173";"19540";"153"
"10.02.2025";"4";"2";"70.168.17.176";"63109";"69"
"10.02.2025";"2";"2";"70.202.35.20";"54573";"927"
"10.02.2025";"1";"2";"34.133.95.210";"36316";"942"
"10.02.2025";"3";"2";"240.183.70.15";"42921";"451"
"10.02.2025";"3";"2";"2fcc:c32e:539f:bbd9:11bf:f449:4669:0d0c";"19184";"828"
"10.02.2025";"3";"1";"2870:6bce:a058:c6dc:fc6d:feeb:c5dc:a6f5";"53792";"21"
"10.02.2025";"1";"1";"d0a8:c509:bafb:071e:a2b6:8b6a:c6c8:0eb6";"44841";"122"
"10.02.2025";"4";"2";"ab4f:dcef:c1f3:aafb:cdef:a1fa:a56f:03ba";"4739";"113"
"10.02.2025";"4";"2";"eab9:3db4:1ce6:5bae:dcec:56ae:5541:7ec7";"62364";"581"
"10.02.2025";"1";"2";"116.9.29.119";"6430";"27"
"10.02.2025";"2";"2";"143.103.79.12";"53486";"270"
"10.02.2025";"4";"1";"de03:5c88:fac3:43ee:abe2:b822:1ef3:e55e";"26598";"701"
"10.02.2025";"4";"2";"ff51:1d4a:d49b:d6a6:bbff:dfd0:7aba:c87b";"10965";"813"
"10.02.2025";"3";"2";"180.224.103.126";"38014";"431"
"10.02.2025";"1";"1";"feec:0d07:e4eb:1caa:dc9f:d5f5:3125:c74f";"64709";"547"
"10.02.2025";"2";"2";"22.92.76.33";"64043";"363"
"10.02.2025";"1";"2";"aef3:bb2d:05a7:156f:caa2:cefa:d073:4cf5";"62816";"256"
"10.02.2025";"2";"1";"38.77.242.56";"6495";"276"
"10.02.2025";"2";"1";"81dd:4ebd:43c3:c5ce:03ae:8e78:e4a8:802a";"60117";"40"
"10.02.2025";"3";"1";"0e8a:4573:dedb:b1aa:1b9a:de7e:1224:31ba";"23193";"350"
"10.02.2025";"5";"2";"e8bb:dd4a:390d:b6c6:8fe1:b7fb:b1fd:5b8e";"60197";"388"
"10.02.2025";"3";"1";"45b7:ccab:b4fb:aaab:2d4f:de46:9b2f:c26e";"26051";"271"
"10.02.2025";"2";"2";"180.214.102.157";"28950";"36"
"10.02.2025";"4";"2";"232.63.44.188";"50935";"399"
"10.02.2025";"2";"2";"facc:d6d2:ce0f:d55c:3ece:ce99:beb3:0cfd";"21213";"31"
"10.02.2025";"1";"1";"d28d:650b:a8ab:f747:b9ec:b9b9:4be9:ea3e";"23898";"282"
"10.02.2025";"1";"2";"162.64.0.88";"40215";"756"
"10.02.2025";"1";"1";"95.45.224.234";"60280";"792"
"10.02.2025";"2";"2";"204.145.31.145";"45838";"925"
"10.02.2025";"1";"1";"ec2a:1bf3:38ac:a3d3:2eb3:21b5:f65d:dbd2";"2678";"303"
"10.02.2025";"5";"1";"bd0a:d2dd:eedf:c4eb:da84:bcac:3b9a:26df";"12158";"204"
"10.02.2025";"2";"2";"60.60.123.192";"8611";"595"
"10.02.2025";"1";"1";"e7da:dba8:aab5:8d20:1a46:6bcc:af9f:4b68";"40367";"473"
"10.02.2025";"4";"2";"62.112.94.130";"19265";"153"
"10.02.2025";"4";"2";"112.179.224.92";"19726";"50"
"10.02.2025";"3";"2";"173.121.0.212";"22852";"611"
"10.02.2025";"5";"2";"185.173.82.168";"13812";"508"
"10.02.2025";"2";"2";"b81f:3b09:aa62:deb9:c726:2169:7c04:bfe1";"11349";"869"
"10.02.2025";"5";"1";"97.3.255.218";"30865";"25"
"10.02.2025";"2";"1";"203.177.186.104";"4201";"848"
"10.02.2025";"4";"1";"11.72.207.117";"65534";"878"
"10.02.2025";"2";"2";"218.137.223.38";"29552";"510"
"10.02.2025";"2";"2";"60.49.88.233";"30953";"607"
"10.02.2025";"4";"2";"cdca:ac65:36b3:60bf:de1d:cd1d:e6cd:dfc4";"8575";"834"
"10.02.2025";"3";"1";"edfc:bd3d:f22a:cd36:dc2d:0d7f:4891:e6ff";"15670";"253"
"10.02.2025";"3";"1";"13.115.245.27";"62312";"70"
"10.02.2025";"4";"1";"198.111.73.141";"58151";"808"
"10.02.2025";"1";"2";"5aa8:4f5b:f221:efd9:684e:a091:e7d3:dcbc";"50995";"711"
"10.02.2025";"2";"1";"222.105.198.211";"32016";"828"
"10.02.2025";"1";"2";"3dc4:dbaa:2639:41d6:0b8b:095a:8c80:f6de";"15168";"831"
"10.02.2025";"4";"1";"17.25.200.254";"43665";"445"
"10.02.2025";"1";"2";"04aa:cdbb:5a60:20e6:32af:cc39:5fd4:c06f";"48850";"513"
"10.02.2025";"2";"1";"2f40:bbcb:1f84:1b91:ff6a:86ad:d06d:eac8";"32597";"3"
"10.02.2025";"1";"1";"ef9f:77b8:9f74:ba1c:0fcb:ae75:4be3:db8c";"64488";"656"
"10.02.2025";"2";"1";"bb46:f2ae:adeb:eb27:4bb5:0390:859d:e1f4";"3718";"707"
"10.02.2025";"5";"2";"eb58:2cec:e7ac:cfdf:ef31:d2ca:1b5e:fb97";"9629";"891"
"10.02.2025";"5";"1";"99.254.60.202";"12372";"228"
"10.02.2025";"1";"2";"ddcc:a8cf:be72:62ea:014d:f9ed:68fc:30fd";"25126";"902"
"10.02.2025";"1";"2";"30.254.80.167";"29235";"635"
"10.02.2025";"1";"2";"fa92:6cc7:c62e:ef4d:afd2:7856:da6d:d9f9";"13880";"667"
"10.02.2025";"1";"1";"fd2e:2689:bcc6:aef4:4fce:148a:5e0b:b774";"48226";"848"
"10.02.2025";"4";"1";"51.116.39.49";"47215";"482"
"10.02.2025";"5";"2";"dd8b:e555:a271:9cad:6073:42b7:68f2:3814";"60976";"322"
"10.02.2025";"4";"1";"c1af:dffa:88f9:59a7:dcb2:d0fc:b8cf:e19d";"57940";"447"
"10.02.2025";"1";"1";"6d07:d5bd:2dd8:97e4:5b2f:bb75:eed7:1c42";"22613";"788"
"10.02.2025";"5";"2";"5a30:2eef:5a4f:e56e:1ee5:b9fe:b98b:b94b";"11447";"625"
"10.02.2025";"3";"1";"114.142.241.248";"14689";"843"
"10.02.2025";"2";"2";"108.11.8.94";"308";"482"
"10.02.2025";"1";"2";"6060:1e20:073e:7bfb:b9ac:5af1:c237:6deb";"9437";"622"
"10.02.2025";"4";"2";"196.8.158.55";"48677";"905"
"10.02.2025";"4";"2";"235.203.184.56";"17729";"940"
"10.02.2025";"4";"2";"c7ce:7a6b:f76b:9ccf:de59:fa9e:8c92:ca5e";"7683";"669"
"10.02.2025";"5";"2";"50c2:b85b:83da:7ae7:f1d3:003f:96fb:e04d";"63410";"653"
"10.02.2025";"2";"2";"213.239.115.110";"44444";"695"
"10.02.2025";"4";"1";"72.177.177.36";"32633";"307"
"10.02.2025";"4";"1";"91ec:11a2:c802:9d2d:ca31:47ab:dccb:82de";"45393";"72"
"10.02.2025";"2";"2";"d8d8:b9bd:7d86:004c:e792:4bb6:f5bb:10bc";"29695";"188"
"10.02.2025";"2";"2";"121.5.72.162";"33418";"257"
"10.02.2025";"4";"2";"a96f:e0b7:cfcd:8ea5:ae02:99ee:a3cb:3ec8";"18145";"377"
"10.02.2025";"3";"2";"189.239.24.134";"21064";"299"
"10.02.2025";"3";"2";"52.107.54.219";"22186";"892"
"10.02.2025";"1";"1";"b495:d19c:487f:bead:b0fa:a82f:00fe:be86";"3123";"248"
"10.02.2025";"5";"1";"166.10.154.88";"5292";"185"
"10.02.2025";"3";"1";"0ca9:9eee:bb51:1dc7:1b4b:a9ae:bb27:a772";"59327";"877"
"10.02.2025";"2";"2";"55.148.26.41";"38278";"806"
"10.02.2025";"1";"2";"8d4e:7031:7823:5f32:23ab:02ec:8831:9965";"9973";"612"
"10.02.2025";"1";"1";"afee:bbc0:add8:cff5:c5f8:dbc8:b0d7:df8a";"29340";"144"
"10.02.2025";"5";"1";"17.12.58.167";"4442";"641"
"10.02.2025";"4";"2";"38.16.147.118";"1239";"666"
"10.02.2025";"4";"1";"183.148.156.119";"5073";"640"
"10.02.2025";"2";"2";"bc8e:0f9c:6e5f:3f2e:fac9:407b:d43c:e56f";"13889";"847"
"10.02.2025";"5";"2";"d642:ffb0:2a3e:1ad5:de67:aa5f:ec31:a4dd";"2036";"781"
"10.02.2025";"4";"2";"17.48.130.22";"47314";"866"
"10.02.2025";"5";"1";"38.124.51.7";"8143";"286"
"10.02.2025";"5";"2";"17fd:fe01:7dcd:d072:ddd1:4d70:64dc:f8ec";"16398";"432"
"10.02.2025";"1";"2";"1ac6:dfbd:a57c:a1a2:4fbe:ff92:6bca:c2a4";"11515";"955"
"10.02.2025";"2";"2";"51ed:a66b:296a:3119:9b04:a3cf:dd8a:dc54";"49896";"762"
"10.02.2025";"5";"1";"db13:66ed:31ed:ed87:ba9c:ebad:fbec:b8f4";"57627";"834"
"10.02.2025";"4";"2";"accf:c6da:d08d:109a:273d:e88e:e5ea:ae0b";"33468";"643"
"10.02.2025";"3";"1";"196.106.249.49";"10222";"929"
"10.02.2025";"3";"1";"208.250.34.209";"52283";"426"
"10.02.2025";"4";"1";"169.206.37.160";"5748";"654"
"10.02.2025";"3";"2";"120.99.171.193";"16307";"538"
"10.02.2025";"1";"1";"f31a:6a7d:ffba:f7ac:215c:dfbc:32cf:f4ec";"54002";"991"
"10.02.2025";"5";"1";"5eed:faee:dadb:8cc8:d196:1bc8:c7bd:7d1c";"29748";"562"
"10.02.2025";"4";"2";"eca7:805b:ba1c:9059:f0c0:3192:a72b:d6fb";"28948";"367"
"10.02.2025";"3";"1";"af75:1100:5ec5:78b2:acad:a2bc:a4ed:eacf";"19135";"327"
"10.02.2025";"3";"1";"dee8:bfba:8fad:d2dc:7baf:e86a:a0b6:fddc";"43427";"792"
"10.02.2025";"1";"1";"111.88.152.127";"14131";"335"
"10.02.2025";"4";"1";"754c:1d5b:3c34:f166:ec48:3065:e6af:cc66";"2911";"83"
"10.02.2025";"2";"1";"03bf:f4ca:86a1:1951:0b1d:acbd:708b:90af";"50524";"293"
"10.02.2025";"4";"2";"2973:b95d:ff31:eddd:a7c7:a6b2:cece:feee";"9239";"284"
"10.02.2025";"5";"1";"246.218.214.86";"53109";"655"
"10.02.2025";"3";"1";"225.45.126.238";"5848";"284"
"10.02.2025";"5";"2";"e89f:b46a:9d9a:f4fa:4db5:da83:fccf:ff93";"15950";"932"
"10.02.2025";"3";"1";"badc:9cf4:9cc4:1fff:14b0:78d0:6d34:da1b";"60145";"896"
"10.02.2025";"5";"1";"241.154.107.25";"57333";"229"
"10.02.2025";"5";"1";"8b20:a57b:e20e:7faf:c9cd:6cd1:4f44:6e65";"12780";"8"
"10.02.2025";"5";"2";"a926:f4df:ec7c:51ae:ebd8:fbf7:a1d6:ba7f";"53652";"138"
"10.02.2025";"1";"2";"120.29.71.17";"25688";"914"
"10.02.2025";"2";"1";"e3f2:795f:ee2c:c347:2bfb:ae0c:2fba:de11";"4649";"618"
"10.02.2025";"3";"1";"0b91:8499:d1e9:705a:e9da:d7b7:b885:ffaf";"19927";"230"
"10.02.2025";"1";"2";"adb4:c0ce:4fa7:0739:c61a:4f07:7bd8:b1f7";"4235";"394"
"10.02.2025";"1";"2";"9a01:7eff:ff0d:b703:119f:5d2a:4bf3:9fa4";"11637";"267"
"10.02.2025";"4";"2";"2633:12f4:ca2e:f04b:c3d9:7a8a:9cda:91fd";"15858";"546"
"10.02.2025";"2";"1";"b2d2:f645:df57:ffd7:8a09:cf36:7d0d:28f6";"63471";"946"
"10.02.2025";"3";"1";"be8b:bcdf:23ac:047b:8ef4:3c88:af76:7e7c";"4700";"419"
"10.02.2025";"5";"2";"217.249.218.140";"64200";"390"
"10.02.2025";"5";"1";"fec8:9d7d:7f18:a51b:aa8f:0df3:4d6c:e488";"55244";"716"
"10.02.2025";"1";"2";"fb0a:9d7b:370f:d11a:8b30:bd5d:e9f2:95a1";"502";"85"
"10.02.2025";"4";"2";"14.3.205.57";"39494";"935"
"10.02.2025";"3";"2";"111.42.23.37";"11334";"604"
"10.02.2025";"1";"1";"221.112.161.172";"48123";"203"
"10.02.2025";"3";"1";"174.125.26.76";"10792";"512"
"10.02.2025";"5";"1";"e8a2:bb09:c6df:9f0f:c6e3:feee:7f51:8e65";"36178";"396"
"10.02.2025";"4";"1";"ae0a:b862:aee1:69a3:eeeb:34ba:c72f:963a";"47614";"82"
"10.02.2025";"3";"1";"b244:232e:80a7:d05b:a883:420e:bd21:6b5d";"42129";"972"
"10.02.2025";"4";"2";"19.67.221.58";"41176";"663"
"10.02.2025";"1";"2";"6c61:8ec2:9fc0:d4fd:5dfd:fd42:612e:161e";"57592";"312"
"10.02.2025";"2";"2";"da08:1ed2:b17c:fd7f:d571:dd31:1ebb:d1bf";"23354";"686"
"10.02.2025";"5";"2";"124.230.236.110";"62888";"558"
"10.02.2025";"3";"2";"237.5.5.10";"35968";"583"
"10.02.2025";"4";"1";"192.231.255.17";"11434";"545"
"10.02.2025";"2";"1";"42c7:a9d3:fcbd:ef1d:291e:1c9a:176c:ad5a";"44701";"374"
"10.02.2025";"5";"1";"146.142.182.20";"49311";"335"
"10.02.2025";"2";"1";"54.183.196.189";"26046";"222"
"10.02.2025";"3";"1";"a2cc:07af:5947:bffd:f9af:fcc6:164a:740b";"45762";"627"
"10.02.2025";"4";"2";"99.171.161.252";"57090";"885"
"10.02.2025";"1";"2";"94.135.202.98";"16343";"969"
"10.02.2025";"5";"1";"214.28.177.82";"7317";"547"
"10.02.2025";"2";"1";"44.68.241.94";"53557";"742"
"10.02.2025";"3";"2";"242.13.1.30";"29188";"226"
"10.02.2025";"2";"2";"a1f4:e32e:ecfa:95a2:fdcb:b2c1:1892:ba4b";"6919";"110"
"10.02.2025";"4";"1";"59.179.201.190";"41100";"825"
"10.02.2025";"2";"1";"ba63:e1bf:3b8b:a80f:2600:9ba0:56ba:b3fc";"52787";"376"
"10.02.2025";"5";"2";"84.216.97.180";"3249";"533"
"10.02.2025";"2";"2";"aca8:a0fa:b81a:ec7f:08df:0fbe:f4fd:93ad";"28988";"807"
"10.02.2025";"4";"1";"52c1:f9f1:ac53:aff4:0add:bc6d:c80a:4ceb";"49945";"799"
"10.02.2025";"4";"2";"14.197.225.206";"25817";"400"
"10.02.2025";"5";"1";"ef6a:ab30:2b6c:19ce:a9cd:a932:4e8b:dfdb";"24624";"798"
"10.02.2025";"3";"1";"199.243.208.129";"7980";"944"
"10.02.2025";"2";"2";"250.125.135.92";"43542";"507"
"10.02.2025";"4";"1";"1ced:15e9:03c7:d72b:c284:c73e:e977:d8c8";"39768";"868"
"10.02.2025";"1";"1";"f8ac:1994:fbdb:dfcd:bbee:7baa:b76e:4ff0";"40419";"757"
"10.02.2025";"2";"2";"86.11.209.4";"47723";"395"
"10.02.2025";"3";"1";"247.60.77.70";"13879";"964"
"10.02.2025";"1";"2";"235.248.96.105";"58636";"691"
"10.02.2025";"1";"1";"67cb:d18a:1fae:6d23:d0bb:c4dc:d528:daad";"54988";"738"
"10.02.2025";"4";"1";"e3bf:62fb:e56e:edbe:4cd4:59b2:1dba:8fa2";"61968";"896"
"10.02.2025";"1";"2";"c46c:e046:ce2b:1ba2:cd34:bb6c:2fbc:87cc";"147";"689"
"10.02.2025";"3";"2";"7927:1b58:ff89:b6e0:5ba9:d790:32f7:b2eb";"31012";"452"
"10.02.2025";"1";"2";"6805:488f:6ede:bfbe:7c6a:8fac:ced2:e68e";"46824";"268"
"10.02.2025";"4";"2";"7.110.134.112";"13891";"628"
"10.02.2025";"1";"2";"188.127.165.197";"43277";"62"
"10.02.2025";"4";"2";"103.189.64.231";"45719";"651"
"10.02.2025";"5";"2";"abd7:4488:6ac9:ac82:9baa:79ae:7bcf:e0e3";"36336";"177"
"10.02.2025";"3";"2";"67b2:3f23:194c:954d:1c3c:f400:bd24:dc9d";"34494";"66"
"10.02.2025";"2";"1";"29.254.144.17";"12397";"301"
"10.02.2025";"2";"2";"c0b4:bd3f:c90a:d468:71da:1bee:cf8e:8b9b";"40348";"191"
"10.02.2025";"5";"2";"bbca:cebc:671b:4d1a:7e5c:bcf4:0fca:0eff";"12820";"130"
"10.02.2025";"3";"2";"164.250.143.238";"53861";"326"
"10.02.2025";"3";"1";"243.177.221.29";"1883";"905"
"10.02.2025";"3";"1";"f8db:eecc:e2ce:f5ca:972f:835b:63cc:af4e";"7345";"241"
"10.02.2025";"4";"2";"149.237.125.224";"51455";"752"
"10.02.2025";"5";"2";"60.138.206.229";"63909";"380"
"10.02.2025";"1";"1";"93.128.157.59";"31578";"326"
"10.02.2025";"4";"1";"183.2.251.69";"53333";"159"
"10.02.2025";"3";"1";"17.12.70.42";"14037";"304"
"10.02.2025";"3";"2";"cbcf:0dce:a5b4:fe6f:b9de:fe12:3d03:caf1";"22936";"137"
"10.02.2025";"5";"1";"bbc2:cbaa:aee1:2b62:1e5d:12f7:717e:bc2d";"46861";"25"
"10.02.2025";"2";"2";"94.194.243.42";"10015";"626"
"10.02.2025";"4";"2";"160.169.255.166";"48598";"964"
"10.02.2025";"3";"1";"169.94.45.179";"4553";"220"
"10.02.2025";"1";"1";"0f58:cc79:1f6e:bc5c:ca0d:cdd3:beac:a5ac";"15501";"746"
"10.02.2025";"5";"1";"5f93:de88:914c:9dda:33ea:a5bc:c1ca:f753";"63136";"621"
"10.02.2025";"4";"2";"250.64.67.84";"1133";"763"
"10.02.2025";"3";"1";"60.249.234.159";"37423";"152"
"10.02.2025";"5";"2";"6.214.49.140";"31621";"518"
"10.02.2025";"3";"2";"60.219.64.80";"7068";"457"
"10.02.2025";"4";"1";"abfe:2cfd:1ec5:c4ce:9405:58cd:d888:27cf";"52896";"773"
"10.02.2025";"1";"2";"bd93:e535:d03a:a1ef:bd3d:9291:efd5:55c0";"32053";"942"
"10.02.2025";"2";"1";"93.129.162.95";"46676";"734"
"10.02.2025";"4";"1";"133.239.150.84";"3070";"341"
"10.02.2025";"4";"1";"175.234.10.207";"40686";"851"
"10.02.2025";"1";"2";"237.136.29.95";"58736";"116"
"10.02.2025";"5";"2";"143.193.242.107";"26684";"241"
"10.02.2025";"3";"1";"207.197.179.149";"51608";"983"
"10.02.2025";"1";"1";"17c8:90e5:3ab0:b8d7:0dfb:dad0:d275:39bc";"49690";"663"
"10.02.2025";"4";"1";"122.132.134.194";"17018";"51"
"10.02.2025";"2";"2";"207.173.121.177";"55798";"422"
"10.02.2025";"2";"2";"dffc:6cad:edef:df14:b44a:b45e:e2ae:a07e";"50056";"279"
"10.02.2025";"5";"1";"250.224.102.31";"32606";"570"
"10.02.2025";"2";"1";"104.151.199.47";"40061";"315"
"10.02.2025";"1";"2";"222.244.201.209";"58128";"743"
"10.02.2025";"2";"2";"51.227.249.78";"23538";"921"
"10.02.2025";"3";"2";"244.90.136.70";"43617";"239"
"10.02.2025";"2";"1";"b8e9:b74a:ada7:4e91:db3c:9bd0:697c:ac99";"3952";"824"
"10.02.2025";"4";"1";"f0c2:4f42:d624:adf5:5bae:fdfd:fdce:7b0f";"4578";"981"
"10.02.2025";"3";"1";"163.228.126.215";"5945";"141"
"10.02.2025";"4";"2";"97.160.90.111";"51176";"867"
"10.02.2025";"5";"1";"172.236.191.66";"23594";"52"
"10.02.2025";"1";"2";"122.195.142.152";"45972";"230"
"10.02.2025";"2";"1";"a0e6:11df:e03f:a1fb:1fcd:edfa:7178:f440";"64993";"705"
"10.02.2025";"5";"1";"118.53.247.228";"20095";"592"
"10.02.2025";"3";"2";"ddc6:ecdc:bfd9:af0c:31fd:2ddd:6870:2a84";"48859";"660"
"10.02.2025";"3";"1";"49.235.21.102";"24531";"837"
"10.02.2025";"4";"2";"58.68.76.1";"32466";"976"
"10.02.2025";"2";"1";"117.197.96.200";"22322";"370"
"10.02.2025";"5";"2";"9fdf:2e4c:f54a:7da3:f8e8:d54d:cc2a:f0fb";"63431";"497"
"10.02.2025";"4";"2";"20.77.163.196";"28756";"640"
"10.02.2025";"4";"2";"249.0.54.195";"60697";"749"
"10.02.2025";"5";"1";"71.184.148.244";"40296";"272"
"10.02.2025";"1";"1";"40.225.39.78";"33858";"971"
"10.02.2025";"4";"1";"184.81.164.9";"44849";"292"
"10.02.2025";"1";"1";"a45d:d9da:b1bb:cd96:7a7e:5fc9:074b:c26e";"28142";"208"
"10.02.2025";"3";"1";"2afd:5d7b:64fc:adad:a48e:77fd:51da:ebf2";"19252";"966"
"10.02.2025";"4";"2";"33.217.54.34";"41068";"764"
"10.02.2025";"3";"1";"3132:b473:badc:4f1f:ba2f:ec26:ecfa:a12b";"40393";"360"
"10.02.2025";"4";"1";"234.48.153.215";"27720";"609"
"10.02.2025";"3";"2";"31.242.63.164";"33472";"90"
"10.02.2025";"4";"2";"66d9:d043:b008:d8a7:7acc:a0ae:4b28:be19";"37964";"17"
"10.02.2025";"3";"2";"188.103.7.244";"14960";"86"
"10.02.2025";"5";"1";"253.172.244.71";"34473";"243"
"10.02.2025";"1";"1";"137.190.172.191";"22146";"164"
"10.02.2025";"4";"1";"196.44.207.155";"584";"876"
"10.02.2025";"4";"2";"204.45.217.56";"51475";"763"
"10.02.2025";"4";"1";"dac4:f324:d4f5:ca4d:2a6a:7078:9db6:1019";"9026";"747"
"10.02.2025";"2";"1";"123.114.15.154";"17089";"511"
"10.02.2025";"2";"1";"67.54.154.119";"37509";"871"
"10.02.2025";"5";"1";"44.175.58.72";"63209";"566"
"10.02.2025";"1";"1";"e3b3:7cb8:2d8f:2bd3:59ea:ff77:b8e9:3f6a";"58199";"590"
"10.02.2025";"1";"1";"33.40.154.158";"56080";"588"
"10.02.2025";"2";"2";"40.211.51.69";"34935";"143"
"10.02.2025";"2";"1";"cfac:a699:68cf:40e6:fb09:d839:3f17:5e4e";"9508";"731"
"10.02.2025";"1";"2";"196.202.232.190";"5337";"276"
"10.02.2025";"3";"1";"48ea:bcbd:be55:ce4b:cf33:ecc8:e83b:eb65";"44978";"466"
"10.02.2025";"4";"2";"106.52.87.122";"31850";"616"
"10.02.2025";"5";"2";"145.195.90.87";"34523";"928"
"10.02.2025";"4";"1";"de69:c1de:79f4:a8c3:7fd4:fddf:a36a:d4ce";"13000";"963"
"10.02.2025";"3";"1";"ac38:b30b:437b:fe09:8dab:523a:6e94:f950";"60967";"98"
"10.02.2025";"2";"2";"b09d:97a9:e99a:ae71:1ba0:d7bd:beb3:9e6f";"32704";"352"
"10.02.2025";"1";"2";"fedd:fd3d:ddbf:2f8c:9daa:d3e6:2915:39c8";"63013";"29"